Catalog#,Artist,Title,Label,Format,Rating,Released,release_id,CollectionFolder,Date Added,Collection Media Condition,Collection Sleeve Condition,Collection Notes
!K7088LP,A Guy Called Gerald,Essence,!K7 Records,"2xLP, Album, Gat",,2000,23143,DnB,2009-11-20 19:36:30,Mint (M),Mint (M),
1210 003,Drum Kru,Thin Air / Poltergeist,1210 Recordings,"12""",,2001,5249,DnB,2022-04-03 05:24:17,,,
31R - 005,Optical,Bounce / The End Part I,31 Records,"12""",,1998,1125,DnB,2023-07-28 12:46:57,,,
31R - 009,Marcus Intalex & ST Files,How You Make Me Feel / Neptune,31 Records,"12""",,1999,1129,DnB,2021-06-21 02:59:24,,,
31R - 011,Total Science,Get It On / Altered State,31 Records,"12""",,2000,1766,DnB,2010-05-09 16:00:04,,,
31R - 012,Digital,Deadline / Fix Up,31 Records,"12""",,2000,1767,DnB,2010-05-09 16:00:15,,,
31R - 013,Nasty Habits,Liquid Fingers (Goldie Remix) / Deep Beats,31 Records,"12""",,2001,5142,DnB,2010-05-09 16:00:30,,,
31R - 014,Marcus Intalex & ST Files,Love & Hapiness / Dreamworld,31 Records,"12""",,2001,3591,DnB,2021-06-21 02:59:42,,,
31R - 015,Klute,Dawn Of Reason / Song Seller,31 Records,"12""",,2001,8002,DnB,2023-01-09 05:42:04,,,
31R017,Various,Kingz Of The Rollers EP Volume One,31 Records,"2x12"", EP",,2003,103167,DnB,2022-04-03 05:43:32,,,
31R018,Various,Kingz Of The Rollers EP Volume Two,31 Records,"2x12"", EP",,2003,129640,DnB,2023-05-06 12:36:50,,,
31R019,Various,Kingz Of The Rollers EP Volume Three,31 Records,"2x12"", EP",,2003,157158,DnB,2021-06-05 04:29:53,,,
31R021PT2,DJ Friction / DJ Kontrol,Kingz Of The Rollers EP 'The Mix CD' Sampler 2,31 Records,"12"", Smplr",,2004,234916,DnB,2022-04-03 05:44:55,,,
RIFTEK1201UK,Photek Presents Choc Ty,We Got Heat (Remixes),51st State,"12""",,2003,204002,DnB,2022-04-05 13:22:42,,,
"HQ 024, HQ024",Various,The Shopfloor (Part 3),"5HQ Recordings, 5HQ Recordings","2x12"", EP",,2000,249809,DnB,2009-11-20 20:37:03,Mint (M),Very Good Plus (VG+),
AND 03,C. Kent & Esta (3),Tomorrow / Bogroll,A New Dawn Recordings,"12""",,2001,11050,DnB,2022-04-04 07:34:01,,,
"A-KO 005, AKOR005",DJ Stretch,Hungry Tiger (Remixes),"A-KO Recordings, A-Ko Recordings","12"", Promo, W/Lbl",,1997,3415854,DnB,2022-04-05 23:55:46,,,
GENLIQ002,Fabio,Generation Liquid Volume 2,Above Board Projects,"2x12"", Comp",,2023,28710649,DnB,2024-04-30 09:52:19,,,
ACC 001,Baron,Long Shot,Access,"12"", Promo, W/Lbl",,2002,2005662,DnB,2010-05-09 15:59:31,,,
12HOCK 01,Optical Vs Matrix,Data Life / Crossfire,Ad Hoc Recordings,"12"", Promo, W/Lbl",,1998,1151436,DnB,2009-11-20 19:47:59,Mint (M),Generic,
ADVR005,Total Science,Taxman / Gravy Girls,Advance//d Recordings,"12""",,2001,12842,DnB,2022-04-03 05:48:59,,,
ADVR006,DJ Friction,Light Speed E.P,Advance//d Recordings,"2x12"", EP",,2003,149495,DnB,2009-11-20 20:10:47,Mint (M),Good (G),
ADVRSK1,Various,Sektor One,Advance//d Recordings,"2x12"", EP",,2002,21270,DnB,2022-04-03 05:48:18,,,
ADVRSK5,Various,Sektor Five,Advance//d Recordings,"2x12"", EP",,2003,180115,DnB,2022-04-03 05:48:33,,,
ADVRSQ,Total Science,Squash Remixes,Advance//d Recordings,"12""",,2003,89518,DnB,2022-04-03 05:47:41,,,
APH044,Aphrodite,Fanfare / Karma Sutra,Aphrodite Recordings,"12"", W/Lbl, Sta",,2004,3745286,DnB,2022-04-05 13:26:40,,,
ARX016-1,Fifth Element,Stone Cold Part 1,Architecture,"12""",,2004,253100,DnB,2010-04-08 18:56:06,,,
ARX016-2,Fifth Element,Stone Cold Part 2,Architecture,"12""",,2004,284247,DnB,2010-04-08 18:56:28,,,
ARM 002,DJ Daze,Armageddon Vol. 2,Armageddon (2),"12""",,2000,33930,DnB,2010-04-08 19:15:16,,,
ASP006,Pressure Rise,Stranger,Aspect,"12""",,1999,20448,DnB,2009-11-20 19:49:29,Mint (M),Good (G),
ASP009,State Of Play,Searchin,Aspect,"12""",,2000,28930,DnB,2009-11-20 19:48:34,Very Good Plus (VG+),Good (G),
asp011,Aquasky Featuring Sanzen,You've Got Me,Aspect,"12""",,2001,28918,DnB,2009-11-20 19:50:01,Mint (M),Near Mint (NM or M-),
ABPR017,Skinny & Lynx,Melting Pot / Frost Byte,Audio Blueprint,"12"", Promo",,2002,1815819,DnB,2022-04-06 00:01:06,,,
ABPRLP01,Various,Voyager,Audio Blueprint,"5x12"", Album, Comp",,1998,66155,DnB,2024-01-04 03:58:36,,,
AC 020,Known Unknown,The Known:Unknown Sessions @ Moving Shadow,Audio Couture,"12""",,1999,31711,DnB,2024-05-15 13:01:32,,,
AC036,Sketch,Creepers / Global,Audio Couture,"12""",,1999,1427,DnB,2009-11-20 20:56:04,Fair (F),Good Plus (G+),
BB1209,Breakage,So Vain / Mars,Bassbin,"12""",,2003,216970,DnB,2010-05-09 15:58:04,,,
BCAU001AA,D. Kay & Epsilon,Barcelona,BC Authorised,"12"", S/Sided, Promo",,2003,336102,DnB,2022-04-03 05:33:08,,,
BCAU001R,D. Kay & Epsilon Featuring Stamina MC,Barcelona (Remixes),BC Authorised,"12""",,2003,179905,DnB,2022-04-03 05:33:33,,,
BCP 001,Matrix + Danny Jay,Telepathy / Domino,BC Presents...,"12""",,2004,239590,DnB,2022-04-03 05:34:42,,,
BCP 002,Cause 4 Concern,Sky Harbour / Tracker,BC Presents...,"12""",,2004,292011,DnB,2022-04-06 00:06:46,,,
BCRUK 003,Rawhill Cru / Bad Company,Mo' Fire / Nitrous (Remixes),BC Recordings,"12""",,2003,108312,DnB,2021-06-05 11:17:53,,,
BCRUK001,Bad Company,The Nine / Dogfight,BC Recordings,"12""",,2001,13346,DnB,2021-06-05 11:16:42,,,
BCRUK002,Bad Company,Rush Hour / Blind,BC Recordings,"12""",,2002,33333,DnB,2021-06-05 11:17:39,,,
BCRUK002EP,Bad Company,Book Of The Bad (Volume Two),BC Recordings,"2x12"", EP",,2001,9385,DnB,2021-06-05 11:16:26,,,
BCRUK003EP,Bad Company,Book Of The Bad (Volume Three),BC Recordings,"2x12"", EP",,2001,14017,DnB,2021-06-05 11:15:35,,,
BCRUK004 LP,Bad Company,Bullet Time EP,BC Recordings,"2x12"", EP",,2003,15061994,DnB,2021-06-05 11:18:06,,,
BCRUKEP001,Bad Company,Book Of The Bad Volume 1,BC Recordings,"2x12"", EP, MP",,2001,1503746,DnB,2022-04-03 05:31:19,,,
BCRUKEP004,Bad Company,Ad Infinitum,BC Recordings,"2x12"", EP",,2003,219949,DnB,2022-04-06 00:14:52,,,
BCRUKLP002,Bad Company,Shot Down On Safari,BC Recordings,"4x12"", Album",,2002,72785,DnB,2021-06-05 11:13:09,,,
BCRUKLP01,Bad Company,Digital Nation,BC Recordings,"5x12"", Album",,2000,1485,DnB,2021-06-05 11:12:43,,,
BCRUKLPS001,Bad Company,Digital Nation (Album Sampler),BC Recordings,"12"", Smplr, W/Lbl",,2000,1484,DnB,2021-06-05 11:14:59,,,
VDBCR002,Bad Company,The Fear EP,BC Recordings,"2x12"", EP",,1999,1473,DnB,2021-06-05 11:14:30,,,
VDBCRLPS003,Bad Company,Inside The Machine (Album Sampler),BC Recordings,"12"", Smplr, W/Lbl",,2000,161328,DnB,2022-04-03 05:28:48,,,
"BCUK001CDR, SRDBC001",Bad Company,Inside The Machine,"BC Recordings, BC Recordings","2xCD, Album",,2007,1175120,DnB,2018-12-25 11:38:58,Mint (M),Near Mint (NM or M-),
"VD BCRLP 001, VDBCRLP001",Bad Company,Inside The Machine,"BC Recordings, BC Recordings","5x12"", Album",,2000,1475,DnB,2022-04-03 05:31:58,,,
"VALVEX3A, VALVEX2A",D-Type,Soundcheck / We Built This House,"Beatz, Beatz","12""",,2002,30285,DnB,2009-11-20 21:03:02,,,
BETA 17,John B,I've Been Stalking You On Myspace (Drum And Bass Mixes),Beta Recordings,"12""",,2006,696810,DnB,2009-11-20 20:41:30,Mint (M),Near Mint (NM or M-),
BETA LP 05,John B,In:Transit,Beta Recordings,"3x12"", Album",,2004,302665,DnB,2009-11-20 20:40:51,Mint (M),Near Mint (NM or M-),
BINGO 012,DJ Zinc,Steppin Stones / South Pacific,Bingo Beats,"12""",,2004,245408,DnB,2024-05-15 13:03:09,,,
BINGO 016,Raw Q / DJ Zinc,Vital Soul / Departure (D-Bridge Remix),Bingo Beats,"12""",,2004,300184,DnB,2022-04-04 05:31:16,,,
BINGO 029,Ryme Tyme,Monkey Fish / Razor Blade,Bingo Beats,"12""",,2005,460567,DnB,2024-05-15 13:03:51,,,
BINGO 047,Aquasky / DJ Zinc,Dezires / Hear No Evil (DJ Marky & Bungle Remixes),Bingo Beats,"12"", Promo",,2006,1223541,DnB,2024-05-15 13:03:09,,,
BINGO043,Lefunken Feat Mina (2) / Roy Davis Jr.,Stand Up (Makoto Remix) / The Lost Tapes (Qualifide Remix),Bingo Beats,"12""",,2006,656747,DnB,2024-05-15 13:03:51,,,
BIOLTD 001,Facs & Dylan,Plankton (2000 VIP),Biotic,"12"", S/Sided, Etch",,2000,9391,DnB,2010-04-08 18:47:56,,,
BLD005,Mampi Swift,Rattlesnake / Attack,Blade,"12"", Promo, W/Lbl",,2002,2078998,DnB,2022-04-05 11:45:31,,,
BBK 002,Adam F / Fresh,The Original Junglesound EP,Breakbeat Kaos,"2x12"", EP",,2003,218905,DnB,2022-04-04 05:18:52,,,
BBK 003,Pendulum (3),Another Planet /  Voyager,Breakbeat Kaos,"12""",,2004,218599,DnB,2022-04-04 05:18:40,,,
BBK 01,Fresh,Dalicks / Temple Of Doom,Breakbeat Kaos,"12""",,2003,203341,DnB,2022-04-04 05:21:03,,,
BBK023,Baron Ft Ayah Marar,Endless Summer / Dr Agnostic,Breakbeat Kaos,"12"", Pic",,2007,1127664,DnB,2024-05-15 13:00:52,,,
"BBK011, BBK 011",Pendulum (3),Slam / Out Here,"Breakbeat Kaos, Breakbeat Kaos","12""",,2005,522310,DnB,2022-04-04 05:19:03,,,
U-PUNK-001,Fresh / DJ Trace / Vegas (2),Mutated For 200X,Breakbeat Punk,"2x12""",,2002,40703,DnB,2022-04-04 05:22:28,,,
BBS021,Thinktank (3),Step Up / Monaco,Breakbeat Science Recordings,"12""",,2004,255046,DnB,2009-11-20 20:18:34,Mint (M),Very Good (VG),
BBSAK001,AK1200 Feat. Terra Deva,Fake,Breakbeat Science Recordings,"12""",,2002,102501,DnB,2009-11-20 20:17:45,Mint (M),Very Good Plus (VG+),
BBSHC 002,High Contrast,Music Is Everything Remixes,Breakbeat Science Recordings,"12""",,2003,134256,DnB,2022-04-03 05:57:46,,,
BBSCS001,Klute,Gluesniffer (Hive & Echo Remix) / Oshima,"Breakbeat Science Recordings, Commercial Suicide","12""",,2004,238990,DnB,2009-11-20 20:20:58,Mint (M),Generic,
BRIG005,DJ Lee & D. Kay / D. Kay,Desire / How Much Does It Take?,Brigand Music,"12""",,2006,709834,DnB,2024-05-15 13:04:22,,,
C.I.A. 99004,Q Project,Champion Sound (Remixes),C.I.A.,"12""",,2000,10368,DnB,2022-04-03 05:46:47,,,
C.I.A.99005,Wots My Code / Total Science,Dubplate (Total Science Remix) / Breakfast Club,C.I.A.,"12""",,2000,5871,DnB,2022-04-04 05:34:49,,,
CIA 009,Q Project,Superstitious / Skeeza,C.I.A.,"12""",,2002,23637,DnB,2022-04-03 05:45:22,,,
CIA 015,"Drumsound & Simon ""Bassline"" Smith",Friday / If U Need Someone,C.I.A.,"12""",,2003,109309,DnB,2009-11-20 20:38:54,Mint (M),Very Good Plus (VG+),
CIA021,Q Project,Ask Not / Times Up,C.I.A.,"12""",,2005,360227,DnB,2024-05-15 13:03:51,,,
CIALP 001,Total Science,Advance,C.I.A.,"3x12"", Album",,2000,129273,DnB,2022-04-03 05:45:43,,,
CIALP002,Total Science,Tuned-In,C.I.A.,"5x12""",,2001,125568,DnB,2022-04-03 05:46:06,,,
CIALPS 002,Total Science,Tuned-In (LP Sampler),C.I.A.,"12"", Smplr, W/Lbl",,2001,10389,DnB,2022-04-03 06:01:34,,,
CIARR 001,Total Science,Make Me Feel,C.I.A.,"12"", W/Lbl",,2006,3695699,DnB,2024-05-15 13:03:09,,,
CARG003PT1,Militia,Weight Gain EP (Part 1),Cargo Industries,"12""",,2003,244785,DnB,2009-11-20 20:15:58,Mint (M),Very Good Plus (VG+),
CARG004,Various,Heavy Load EP 1/2,Cargo Industries,"12"", EP",,2004,219971,DnB,2009-11-20 20:16:33,Mint (M),Very Good Plus (VG+),
CARG004PT2,Various,Heavy Load EP 2/2,Cargo Industries,"12"", EP",,2004,225135,DnB,2009-11-20 20:16:14,Mint (M),Very Good Plus (VG+),
CARG007,Stakka & Hochi,Heatrock / Mars Attacks (Stakka Remix),Cargo Industries,"12""",,2006,607312,DnB,2009-11-20 20:16:47,Near Mint (NM or M-),Generic,
CARG01,Militia / Stakka & K.Tee,Brainwash / Echo Chamber,Cargo Industries,"12""",,2003,162714,DnB,2009-11-20 20:15:03,Mint (M),Good (G),
CARG02,Stakka,Intransit / Junkyard,Cargo Industries,"12"", Promo",,2003,11266772,DnB,2024-05-15 13:03:51,,,
"CARG002, CARG02",Stakka,In-Transit / Junkyard,"Cargo Industries, Cargo Industries","12""",,2003,136078,DnB,2009-11-20 20:15:20,Near Mint (NM or M-),Very Good (VG),
C4C007,Cause 4 Concern,Bedhead / Soul (Matrix+Fierce Remix),Cause 4 Concern,"12""",,2003,121761,DnB,2021-06-21 02:59:33,,,
C4C008,Cause 4 Concern,Something Else / Moongerm,Cause 4 Concern,"12""",,2003,164504,DnB,2024-05-31 23:56:47,Very Good Plus (VG+),Very Good (VG),Planet Wax
CELL005,Temper D & K Fire / Isotone,Deflector / REM,Cell Recordings,"12"", Promo, W/Lbl",,2003,1731594,DnB,2022-04-05 23:51:50,,,
Cert 1846,Teebee,Space Age (Remix),Certificate 18,"12""",,2000,5486,DnB,2010-04-08 19:06:09,,,
CERT18 LP014,Teebee,Through The Eyes Of A Scorpion,Certificate 18,"4x12"", Album",,2001,13954,DnB,2010-04-08 19:10:20,,,
CERT1853,Klute,We R The Ones (Klute Remix) / Chicks (Doc Scott Remix),Certificate 18,"12""",,2001,6499,DnB,2010-04-08 19:06:24,,,
CHARGE014,DJ Friction,The Power EP,Charge,"2x12"", EP",,2002,39784,DnB,2009-11-20 20:10:10,Mint (M),Near Mint (NM or M-),
CHARGELP001,Mampi Swift,Mainframe,Charge,"5xLP, Album",,2001,22366,DnB,2009-11-20 20:30:47,Mint (M),Very Good Plus (VG+),
CHRG 019,Militia,Music For The Masses EP,Charge,"2x12"", EP",,2003,99428,DnB,2009-11-20 20:11:08,Mint (M),Very Good (VG),
CHRG0020,Mampi Swift,Transformers EP: Autobots,Charge,"2x12""",,2003,149905,DnB,2009-11-20 20:30:10,Mint (M),Near Mint (NM or M-),
CHR-018,Afro Kid / Trinity,Chronic 18,Chronic,"2x12""",,2001,3707,DnB,2009-11-20 21:04:16,Mint (M),Generic,
circ003,"DJ Lee (2), Karl K & Jae Kennedy",Come Home,Circle Recordings,"12""",,2006,625733,DnB,2009-11-20 20:22:21,Mint (M),Good (G),
coded 004,Rawthang ft. Kari Rueslåtten / Rawthang,Beautiful Morning (Black Sun Empire Remix) / Shaman,Coded Recordings,"12""",,2006,614086,DnB,2010-04-08 18:59:43,,,
SUICIDE 007,Artificial Intelligence,Soul Good / Embrace,Commercial Suicide,"12"", Promo, W/Lbl",,2003,1356220,DnB,2022-04-06 00:07:31,,,
SUICIDE 029,Amit,MK Ultra / Re Order,Commercial Suicide,"12""",,2005,526638,DnB,2009-11-20 20:21:18,Mint (M),Very Good Plus (VG+),
Suicide006,Various,Anything & Everything Vol2,Commercial Suicide,"2x12""",,2002,50828,DnB,2009-11-20 20:20:39,Mint (M),Generic,
SUICIDELP007/2LTD,Klute,The Emperor's New Clothes,Commercial Suicide,"2x12"", Ltd, Whi",,2007,1109862,DnB,2024-05-15 13:03:51,,,
CXR 001,Saphir & Zief,Ashfall,Complex Beatz,"12""",,2003,139858,DnB,2022-04-05 12:00:10,,,promo copy
CXR 002,Ancronix,Airspike / Dropclip,Complex Beatz,"12""",,2003,176220,DnB,2022-04-05 11:59:26,,,
CXR 002,Ancronix,Airspike / Dropclip,Complex Beatz,"12""",,2003,176220,DnB,2022-04-05 12:03:34,,,promo copy
CRSE0032,Carlito & DJ Addiction,Just Wanna Be / Keep On Pushing,Creative Source,"12""",,2002,40390,DnB,2022-04-03 05:52:58,,,
CRIT008,Ill.Skillz,Forgive Myself,Critical Recordings,"12"", W/Lbl",,2003,2398425,DnB,2022-04-05 11:37:13,,,
CRIT023,Silent Witness,California / Atlanta,Critical Recordings,"12"", Ltd, Blu",,2006,697840,DnB,2009-11-20 20:23:49,Mint (M),Very Good (VG),
CRUNCH 008,Verse & SP:MC / Prolific (3),Lost Souls / Back Up,Crunch Recordings,"12"", Promo, W/Lbl",,2007,2246901,DnB,2024-05-15 13:03:09,,,
CUBIKSAMP001,Peshay Featuring Co-Ordinate,You Got Me Burning / Fuzion,Cubik Music Productions,"12""",,2002,30063,DnB,2022-04-05 10:29:39,,,
DSR010,T.C. (2),Deep / Robots,D-Style Recordings,"12""",,2006,661723,DnB,2010-04-08 18:57:02,,,
DSF 003,CTRL (2),Dub Beats,Dark Sound Foundation,"12""",,2003,330776,DnB,2009-11-20 20:39:47,Near Mint (NM or M-),Good (G),
DC 002,Basic Unit,Rising Tide / Dub Principles,Deepest Cut,"12""",,2003,172649,DnB,2010-05-09 15:58:26,,,
DEFMAJIK 001,J Majik,24 Hours,"Defected, Infrared","12"", S/Sided",,2002,67402,DnB,2009-11-20 19:56:18,Mint (M),Generic,
DFUNKD003,Carlito & DJ Addiction,Supergrass / Nothing Better,Defunked,"12""",,2000,3729,DnB,2022-04-03 05:52:46,,,
DFUNKD009,Carlito / John B,Soulful Behaviour Part 3,Defunked,"12""",,2002,30662,DnB,2022-04-04 06:24:37,,,
DNAudio 003,Break & Hydro,Breathless / Deliverance,DNAudio,"12""",,2004,256851,DnB,2009-11-20 20:21:41,Mint (M),Near Mint (NM or M-),
DOA001,Fresh,Floodlight / Tomb Raider,Dogs On Acid,"12""",,2004,250437,DnB,2022-04-04 05:19:34,,,
DZ001,Ill Figure,Nimrod / Dupe,Double Zero,"10""",,2000,33364,DnB,2009-11-20 19:37:54,Mint (M),Good Plus (G+),
DSCI4 014,Motive (3),Dont Get It Twisted / Roc Raider,DSCI4,"12""",,2004,257476,DnB,2022-04-05 10:49:37,,,
DSCI4. 001,DJ Trace & Pete Parsons,Sniper / Azure,DSCI4,"12""",,1999,5147,DnB,2022-04-04 06:33:12,,,
DSCI4. 003,Bad Company,Coma / Spraycan,DSCI4,"12""",,2000,20720,DnB,2021-06-05 11:15:13,,,
DSCI4. 004,DJ Trace / Ryme Tyme,Move / Hashplant,DSCI4,"12""",,2000,5144,DnB,2022-04-04 06:32:11,,,
DSCI4. EP001,Various,Mutationz I-IV,DSCI4,"2x12"", EP",,2001,14302,DnB,2022-04-05 10:50:03,,,
DSCI4LP 002,Various,Spy Technologies,DSCI4,"6x12"", Comp",,2002,52393,DnB,2022-04-05 10:51:59,,,only G/H
DSCI4LP 003,Various,Spy Technologies 2 (Battlefield),DSCI4,"6x12"", Album, Comp",,2003,215840,DnB,2022-04-04 05:24:17,,,
"DSCI4 012, DSCI4012",Silent Witness,Ringside / Pursuit,"DSCI4, DSCI4","12""",,2004,246678,DnB,2022-04-05 10:49:19,,,
EAST 34,A-Sides,Crazy / Planet Beyond,Eastside Records,"12""",,2000,99461,DnB,2010-04-08 18:50:48,,,
EAST 41,Skeptic,Tear / Media,Eastside Records,"12""",,2001,32622,DnB,2010-04-08 18:51:00,,,
EAST 72,A-Sides & DJ Marky,Special Lady / Montpellier,Eastside Records,"12""",,2005,563917,DnB,2024-05-15 13:03:09,,,
EBR021,UK Apachi & Shy FX,Nuttah VIP,Ebony Recordings,"12""",,2001,1788,DnB,2022-04-04 07:02:12,,,
ELPC004,Raiden / Pyro & Prode,Off License / The Rush,elp Collective,"12""",,2006,608479,DnB,2010-04-08 19:00:11,,,
EMF 2050PT1,Filthy Dirty Rich & G-enetic / Silver (2),Goldseal EP (Part 1),Emotif Recordings,"12"", EP",,2003,155236,DnB,2022-04-04 06:57:36,,,
enm001,Teebee / Teebee . DJ Form (2) . Mike Engine,Don't Lie To Me / Postmodern,Engine Music,"12""",,2006,675618,DnB,2010-04-08 19:11:31,,,
EXIT001,D-Bridge vs. Resolution No.1,Libra / The Bride,Exit Records (7),"12""",,2003,218407,DnB,2022-04-05 11:49:34,,,
EXIT002,D-Bridge,Original World / Tradition,Exit Records (7),"12""",,2004,267861,DnB,2022-04-03 05:35:30,,,
EXIT004,Digital Nation (3),Aisle 13 / Rise,Exit Records (7),"12"", Ltd, Promo, W/Lbl",,2006,768328,DnB,2024-05-15 13:03:09,,,
EXITVS-003,D-Bridge Vs. Artificial Intelligence / D-Bridge Vs. D. Kay,Odessa / Nothing Is True,Exit Records (7),"12""",,2006,710571,DnB,2022-04-03 05:36:01,,,
8573 87257-1,Dillinja,Cybotron,FFRR,"5x12"", Album",,2001,31775,DnB,2009-11-20 20:59:56,Near Mint (NM or M-),Very Good (VG),
FXDJ 325,Goldie,Temper Temper,FFRR,"12"", Pic",,1998,62400,DnB,2024-05-15 13:03:09,,,
"828 990-1, 828990.1",Goldie,Saturnz Return,"FFRR, FFRR","4x12"", Album",,1998,90229,DnB,2010-04-08 18:24:27,,,
"FX 325, 570087.1",Goldie,Temper Temper,"FFRR, FFRR","12"", Single",,1998,35478,DnB,2010-04-08 18:23:22,,,
"FX 273, 850 543.1",Goldie,State Of Mind,"FFRR, FFRR, Metalheadz, Metalheadz","12""",,1996,66627,DnB,2023-07-28 12:46:26,,,
CYBX1,Cybotron Featuring Dillinja,I Wanna Know / Nasty Ways,"FFRR, Valve Recordings","2x12""",,2000,1785,DnB,2022-04-05 13:28:29,,,
fire006,Delta & Format vs. DJ Sky (2),Reach Out / You & Me,Fireclown Records,"12""",,2001,980789,DnB,2010-04-08 19:17:48,,,
FIX001,Total Science,Zanzibar / Exocet,Fix,"12""",,2001,23656,DnB,2022-04-03 06:02:35,,,
MONTHS001,Zen,January,Formation Months Series,"12""",,2003,122172,DnB,2009-11-20 20:33:57,Mint (M),Generic,
MONTHS002,Twisted Individual,February,Formation Months Series,"12""",,2003,125786,DnB,2009-11-20 20:34:12,Mint (M),Generic,
MONTHS003,Zen,March,Formation Months Series,"12""",,2003,128407,DnB,2009-11-20 20:34:23,Mint (M),Generic,
MONTHS004,Twisted Individual,April,Formation Months Series,"12""",,2003,163678,DnB,2009-11-20 20:34:41,Mint (M),Generic,
FORM 12079,John B,Pressure / Travelogue (Remix),Formation Records,"12""",,1998,6925,DnB,2024-05-15 13:03:09,,,
FORM 12084,Shy FX / DJ SS,Back 2 Back (Volume 1),Formation Records,"12"", Promo",,2000,1885357,DnB,2022-04-05 11:49:08,,,
FORM12095,"Drumsound & Simon ""Bassline"" Smith",Lazor Razor / Kilo,Formation Records,"12""",,2002,40196,DnB,2009-11-20 20:37:33,Mint (M),Very Good (VG),
FORM12100 PT1,"Distorted Minds / Drumsound & Simon ""Bassline"" Smith",Formation 100 Part 1,Formation Records,"12""",,2003,135496,DnB,2009-11-20 20:38:27,Mint (M),Near Mint (NM or M-),
FREAK 001,DKay & Rawfull / Concord Dawn,Be There 4 U / Bad Bones,Freak Recordings,"12""",,2003,92636,DnB,2010-04-08 18:38:50,,Poor (P),autographed by Robyn and Dylan
FREAK003,Mason (2),Ruff Rugged & Raw / Zerosum Breakout,Freak Recordings,"12"", Promo, W/Lbl",,2003,2223391,DnB,2022-04-05 11:41:06,,,
FREAK004,DKay & Rawfull,Be There 4 U (Remixes),Freak Recordings,"12"", Promo, W/Lbl",,2003,1093480,DnB,2010-04-08 18:46:55,,,
FREAK008,Mason (2) & Fuzzy Logic (7) / Basic Operations,Punishment / White,Freak Recordings,"12""",,2004,328531,DnB,2010-04-08 18:47:04,,,
FQY001,Rascal & Klone,Delta 9 / Hyper Kenetic,Frequency,"12""",,2002,19869,DnB,2022-04-05 13:22:57,,,
FQY002,Kryptic Minds,The Truth / Devil's Path,Frequency,"12""",,2002,54811,DnB,2022-04-05 13:23:22,,,
FQY005,Various,Full Frequency EP,Frequency,"2x12""",,2003,128717,DnB,2022-04-04 07:02:50,,,
FQY010,Alloy (4),Dust / Ghost,Frequency,"12""",,2003,194248,DnB,2022-04-05 13:23:46,,,
FQY012,Sub Focus,Acid Test / Get On Up,Frequency,"12""",,2004,229361,DnB,2022-04-04 07:02:29,,,
FRONT057,The Outfit,Forever / Hot Love,Frontline Records,"12""",,2001,13944,DnB,2010-04-08 19:14:32,,,
FCY 021,DJ Die,Drop Bear / Poison Ivy,Full Cycle Records,"12"", Promo, W/Lbl",,1999,1146108,DnB,2010-04-08 18:11:20,Very Good (VG),Generic,
FCY 032,DJ Die,Synthetix EP,Full Cycle Records,"2x12"", EP, Promo, W/Lbl",,2001,2476771,DnB,2022-04-05 10:53:37,,,only C/D
FCY 032,DJ Die,Synthetix EP,Full Cycle Records,"2x12"", EP, Promo, W/Lbl",,2001,2476771,DnB,2022-04-05 23:49:14,,,
FCY 056,Roni Size,Sound Advice (E-Z Rollers Remix) / Forget Me Knots (DJ Bailey Remix) - Touching Down Remixes Part 2,Full Cycle Records,"12""",,2003,186353,DnB,2009-11-20 20:46:16,Mint (M),Very Good (VG),
FCY026,Reel Time / Suv,Mine / Ripcurl,Full Cycle Records,"12""",,2000,37356,DnB,2009-11-20 20:43:45,Mint (M),Good Plus (G+),
FCY027,Roni Size,On Point / Breaks,Full Cycle Records,"12""",,2000,102137,DnB,2009-11-20 20:43:25,Mint (M),Generic,
FCY028,Krust / Scorpio,Kloakin Device (Vocal Mix) / 26 Bass (Special Mix),Full Cycle Records,"12""",,2000,37404,DnB,2009-11-20 20:44:06,Mint (M),Very Good (VG),
FCY051,Clipz,Sound Boy / Pitch Dem Up,Full Cycle Records,"12""",,2003,136942,DnB,2009-11-20 20:45:12,Mint (M),Good Plus (G+),
FCY061,Tali,High Hopes (All Over Now),Full Cycle Records,"12""",,2003,222709,DnB,2009-11-20 20:46:32,Mint (M),Very Good (VG),
FCY065Y,Tali,Lyric On My Lip,Full Cycle Records,"12""",,2004,251764,DnB,2009-11-20 20:47:09,Mint (M),Very Good (VG),
FCYLP02,Various,Through The Eyes,Full Cycle Records,"3x12"", Comp",,2000,38436,DnB,2022-04-06 00:01:33,,,Only plate 3 E/F
CHANEL 9606,Spirit / Digital,Raygun / Ras '78,Function,"12""",,2001,6473,DnB,2010-05-09 15:55:30,,,
CHANEL 9608,Digital / Spirit,Quad 1,Function,"2x12""",,2001,9348,DnB,2010-05-09 15:55:46,,,
CHANEL 9612,Tango & Ratty,Steel Fingers / Snake Style,Function,"12""",,2003,103166,DnB,2010-05-09 15:56:56,,,
CHANEL9601LPS,Digital & Spirit,Dubzilla (Album Sampler),Function,"12"", Ltd, Smplr",,2002,40707,DnB,2010-05-09 15:56:30,,,
CHANEL9602LPS,Digital & Spirit / Digital,Phoenix Rising LP Sampler,Function,"12"", Smplr",,2007,976275,DnB,2022-04-03 05:56:52,,,
CHANEL9603,Digital,Jah Session / Water House Dub,Function,"12""",,2000,8620237,DnB,2022-04-03 05:55:39,,,
CHANEL9603,Digital,Jah Sessions / Waterhouse Dub,Function,"12"", RP",,2002,1561,DnB,2010-05-09 15:55:13,,,
CHANEL9605,Digital,Warped / Squad 51,Function,"12"", Promo, W/Lbl",,2001,1352282,DnB,2010-05-09 15:57:53,,,
CHANEL9610,Digital,Easygroove (Rok Da House) / Session,Function,"12""",,2001,20362,DnB,2010-05-09 15:56:02,,,
CHANEL9611,Digital,Dubsativa EP,Function,"2x12"", EP",,2002,106091,DnB,2010-05-09 15:56:42,,,
CHANEL9617,Concord Dawn,Tonite (Pendulum Remix) / Appollo 13,Function,"12"", Single",,2004,242341,DnB,2010-05-09 15:57:32,,,
CHANEL9626,Various,Fist Of Fury EP,Function,"2x12"", EP, Promo, W/Lbl",,2008,2968040,DnB,2022-04-04 06:59:46,,,
G2EP002,Monkey & Large,Bad Selection EP,G2 (2),"2x12"", EP, Promo, W/Lbl",,2003,2802133,DnB,2022-04-04 07:36:21,,,
GAIN 014,Motion Theory,Airhead / Bloodstain,Gain,"12"", Promo",,2003,4209730,DnB,2022-04-05 23:51:05,,,
GS20,Tight Control,Just Wont Stop / Earth,Genetic Stress,"12""",,2001,9876,DnB,2022-04-04 07:31:24,,,
GTR 12005,Hype & Zinc,Global Thang - Volume 5,Global Thang,"12""",,1999,209839,DnB,2010-04-08 19:13:47,,,
GTR 12017,Perfect Combination,Escape / Phuture / Breakdown (Remix),Global Thang,"12""",,2000,117153,DnB,2010-04-08 19:14:13,,,
GTR12018,Natural Mystic,Tuff Talking ,Global Thang,"12""",,2000,13372,DnB,2010-04-08 19:13:59,,,
GY 003,X-Plorer & Dee'Pulse,Re-Build / E-Raizor,Gyration,"12"", Promo",,1997,2578352,DnB,2022-04-05 23:54:33,,,
HBT014,The Chosen (3),Adversity / The Mole,Habit Recordings,"12""",,2006,677613,DnB,2009-11-20 20:28:12,Mint (M),Generic,
hedge 017,DJ Lee & D. Kay / Mathematics,Watergates Files Vol. 1 Album Teaser,Hard:Edged,"12"", Smplr",,2005,443521,DnB,2022-04-04 05:39:02,,,
HL 042,Capone,Tudor Rose / Submerge,Hardleaders,"12"", Promo",,1999,2131349,DnB,2010-04-08 18:25:40,,,
HL49,Total Science,Facts Of Life / Lust,Hardleaders,"12""",,2000,41378,DnB,2010-04-08 18:25:51,,,
HL53,A-Sides,Big Request / Spread Love,Hardleaders,"12""",,2001,4882,DnB,2010-04-08 18:26:01,,,
HRO 001,Noetic,Got This Feeling / Bleep In Love,Heavy Rotation,"12""",,2003,176592,DnB,2022-04-04 07:36:39,,,
HG018,DJ Rap,Good To Be Alive (DJ Rap / Ganja Kru Mixes),Higher Ground,"12"", Promo",,1998,575413,DnB,2009-11-20 21:06:36,Near Mint (NM or M-),Good (G),
HIGHS13T,Grooverider,Rainbows Of Colour,"Higher Ground, Prototype Recordings","12""",,1998,831,DnB,2022-04-03 05:39:18,,,
JOEPAYNE1,Joe Payne,Watch Your Back,Hoodwinked Productions,"12""",,2003,332599,DnB,2010-04-08 18:57:28,,,
HZN010,Brooklyn & Bachelors Of Science,Stages (Commix Remix) / Wicked Ways,Horizons Music,"12""",,2006,682994,DnB,2022-04-03 05:52:23,,,
NHS106,Various,The Future Sound Of Cambridge 2,Hospital Records,"2x12""",,2006,667074,DnB,2022-04-03 06:02:19,,,
NHS111,Logistics,Beatbox Master / Girl From Mars,Hospital Records,"12""",,2006,741779,DnB,2022-04-03 06:05:04,,,
nhs35,London Elektricity Versus Robert Owens,My Dreams (Remixed By Total Science & High Contrast),Hospital Records,"12""",,2001,9522,DnB,2022-04-03 05:58:40,,,
NHS40,High Contrast,Return Of Forever,Hospital Records,"12""",,2002,3194807,DnB,2022-04-03 05:58:31,,,
NHS47,Klute,Part Of Me,Hospital Records,"12""",,2002,64768,DnB,2022-04-06 00:08:32,,,
nhs58,Cyantific,90 b/w All Points West,Hospital Records,"12"", Promo, W/Lbl, Sti",,2003,1090648,DnB,2024-05-15 13:01:16,,,
NHS63,London Elektricity + Robert Owens,Different Drum (Dillinja Remix) / Harlesden (Cyantific Remix),Hospital Records,"12"", Maxi",,2003,188925,DnB,2024-05-15 13:03:51,,,
NHS63R,London Elektricity & Robert Owens,Different Drum (Remixes),Hospital Records,"12""",,2003,188919,DnB,2024-05-15 13:03:08,,,
NHS71,Cyantific,Little Green Men / Quiet Star,Hospital Records,"12""",,2004,245394,DnB,2022-04-04 05:38:46,,,
NHS90CL,High Contrast,When The Lights Go Down / Only Two Can Play,Hospital Records,"12"", Ltd, Cle",,2005,478617,DnB,2022-04-05 12:04:10,,,
NHSCS2,Total Science,Let It Go / Flip Flop,Hospital Records,"12""",,2008,1443737,DnB,2024-05-15 13:03:09,,,
"NHS60, NHS 60",High Contrast,Basement Track,"Hospital Records, Hospital Records","12""",,2003,163369,DnB,2022-04-03 05:58:18,,,
"NHS87, NHS 87",Nu:Tone,Seven Years (Matrix Remix),"Hospital Records, Hospital Records","12""",,2005,432370,DnB,2022-04-03 06:04:19,,,
HUMA8007-1,Bad Company,Grunge 3 / Mass Hysteria (The Remixes),Human Imprint Recordings,"12""",,2003,130840,DnB,2009-11-20 20:02:29,Mint (M),Very Good (VG),
HUMA8009-1,Kaos + Karl K + Jae Kennedy,Moonraker / Studio 54,Human Imprint Recordings,"12""",,2003,213287,DnB,2009-11-20 20:02:51,Mint (M),Very Good (VG),
HUMA8010-1,Dieselboy & Kaos,Barrier Break / Submission,Human Imprint Recordings,"12""",,2003,213286,DnB,2009-11-20 20:03:09,Mint (M),Very Good (VG),
INCIDENT003,Aquasky,Insomniac / Do Anything,Incident,"12"", Promo, W/Lbl, Sti",,2002,5076256,DnB,2022-04-04 07:41:43,,,
12 IND 001,Total Science / Davide Carbone,Format / Direct,Industry Recordings,"12""",,2001,9527,DnB,2010-04-08 18:52:14,,,
12 IND 003,Dylan / Dagga,Different Sensations / Analogue Vision,Industry Recordings,"12""",,2001,10170,DnB,2010-04-08 18:52:27,,,
12 IND 010,Kemal / Bulletproof,Let It Move You / Trapdoor,Industry Recordings,"12""",,2002,57619,DnB,2021-06-05 11:11:45,,,
12 IND 013,Total Science / Bulletproof,Simple Man / 110°,Industry Recordings,"12""",,2003,104563,DnB,2010-04-08 18:51:49,,,
DNB2,Liquid People vs. J Majik,Monster Remix,Infrared,"12"", S/Sided, W/Lbl",,2002,112739,DnB,2009-11-20 19:57:13,Mint (M),Generic,
INFRA 011,Future Bound / System 3 (3),Poison Chalice / I Want You,Infrared,"12""",,1999,1202,DnB,2009-11-20 19:51:46,Mint (M),Very Good (VG),
INFRA 013,J Majik & Danny Jay,The Jigsaw EP,Infrared,"2x12"", EP",,2000,72973,DnB,2009-11-20 19:51:12,Mint (M),Good (G),oly plate 1
INFRA 014,J Majik Featuring Kathy Brown,Love Is Not A Game,Infrared,"12"", S/Sided, Ltd, Smplr",,2000,51794,DnB,2009-11-20 19:55:35,Mint (M),Generic,
INFRA 015,J Majik,The Lizard,Infrared,"12""",,2000,1779,DnB,2009-11-20 19:54:00,Mint (M),Very Good (VG),
INFRA 021R,J Majik & Wickaman / J Majik Featuring Kathy Brown,Elephant / Share The Blame (Remix),Infrared,"12""",,2003,232600,DnB,2009-11-20 19:58:19,Mint (M),Very Good Plus (VG+),
INFRA 022,J Majik / V Chip / DSF,Lizard VIP,Infrared,"12""",,2002,68425,DnB,2009-11-20 19:54:41,Mint (M),Very Good Plus (VG+),
INFRA 023,Future Bound & Codek (2),Get On Up / Flat Spin,Infrared,"12""",,2003,127362,DnB,2009-11-20 19:52:33,Mint (M),Very Good Plus (VG+),
INFRA 18,J Majik / Futurebound & Protocol,Infrastructure (The Remixes),Infrared,"12""",,2001,15755,DnB,2023-05-06 12:37:29,,,
INFRA 21,J Majik Featuring Kathy Brown,Share The Blame,Infrared,"12""",,2003,262088,DnB,2009-11-20 19:57:48,Mint (M),Very Good Plus (VG+),
INFRA LP 003,J Majik,Infrastructure,Infrared,"4x12"", Album, Comp, Promo, W/Lbl",,2001,1166768,DnB,2022-04-05 11:57:25,,,
INFRAS-004,Sonic,Even When It Rains (Stars Our Destination LP Sampler),Infrared,"12"", Ltd, Smplr, W/Lbl",,2002,28100,DnB,2009-11-20 19:59:08,,,
REDSPIDER 003,J Majik & Wickaman / J Majik & Wickaman,Crazy World LP - Pt3,"Infrared, Black Widow","12""",,2007,989866,DnB,2024-05-15 13:01:48,,,
INNA 001,Spirit,Active-Ated / Memories,Inneractive Music,"12""",,2002,84605,DnB,2010-05-09 15:53:18,,,
INNA 004,Spirit,20/20 / Inside Out,Inneractive Music,"12"", Promo, W/Lbl",,2003,1595411,DnB,2024-05-15 13:03:09,,,
INNA 006,Spirit / Digital,Chinese Whispers / Knight Rider,Inneractive Music,"12""",,2003,175530,DnB,2024-05-15 13:03:51,,,
INNA 014,Spirit,Siren (Hive Remix) / Lost & Found (Tactile Remix),Inneractive Music,"12""",,2006,652899,DnB,2010-05-09 15:53:29,,,
INNA 015,Amit / Outrage (4),The Tube (Outrage Remix) / Recall,Inneractive Music,"12""",,2006,676207,DnB,2010-05-09 15:53:39,,,
ICOM 022,Tommy Knocker,All For Love / Brazil Is Back,Intercom Recordings,"12""",,2002,58037,DnB,2023-01-09 05:41:18,,,
ICOM 028,Tommy Knocker,Vice City Bass E.P.,Intercom Recordings,"2x12"", EP, Promo, W/Lbl",,2003,4118564,DnB,2022-04-03 05:42:48,,,
12ISX807DJ,DJ Shadow,Six Days (Bad Company Vs Fresh),"Island Records, BC Recordings","12"", S/Sided, Promo",,2002,68742,DnB,2022-04-04 07:01:16,,,
ECIUJ023,Teebee,Distorted Information,Juice Records,"2x12"", EP",,1999,18334,DnB,2010-04-08 19:05:04,,,
ECIUJ026,Undercover Agent,Cyndicut EP,Juice Records,"2x12"", EP, Red",,1999,292049,DnB,2009-11-20 21:05:01,Mint (M),Good Plus (G+),
ECIUJ030,Splash,Babylon (Dillinja Remix),Juice Records,"12""",,2000,59907,DnB,2009-11-20 21:04:35,Mint (M),Very Good (VG),
KAOS 006,Distorted Minds,T-10 / The Tenth Planet,Kaos Recordings,"12""",,2003,128463,DnB,2009-11-20 20:32:39,Mint (M),Very Good Plus (VG+),
KAOS005P,Adam F Feat. Guru & Carl Thomas,Karma,Kaos Recordings,"12"", Pic",,2002,111296,DnB,2009-11-20 20:33:00,Mint (M),Generic,
"KAOS 001, KAOS 001P",Adam F & J Majik,Metrosound,"Kaos Recordings, Kaos Recordings","12"", Single, Ltd, Pic",,2002,41452,DnB,2009-11-20 20:33:22,Mint (M),Generic,
KEMET 15,Lazarus,The Return E.P.,Kemet,"12"", EP, W/Lbl",,1997,74122,DnB,2010-04-08 19:14:55,,,
khz001,Futurebound & Protocol,Sidewinder / Envy,Killerhertz,"12""",,2002,19868,DnB,2022-04-05 13:24:35,,,
PLATE 2111,Tango & Ratty,Senseless / Inventa,L Plates,"12""",,2002,70306,DnB,2010-05-09 15:59:53,,,
ADMM 36,Decorum,Contrax (Remixes),Liftin' Spirit Records,"12""",,2004,351974,DnB,2022-04-05 13:22:04,,,
ADMM32,Red One,Believe In U / Don't Stop,Liftin' Spirit Records,"12""",,2002,54062,DnB,2022-04-05 13:21:37,,,
LIQWEED 008,Heist Feat MC Fats,While You Wait / Rollin' Good,Liq-weed Ganja Recordings,"12"", Promo",,2007,1134906,DnB,2024-05-15 13:03:08,,,
LIQWEED003,Calibre & MC Fats / A-Sides & MC Fats,Neighbourhood / Mista Muscle,Liq-Weed Ganja Recordings,"12""",,2006,592526,DnB,2024-05-15 13:03:09,,,
LGR051W,Greg Packer / Commix,Take You Higher / Gets Me High,Looking Good Records,"12"", Single",,2004,250470,DnB,2022-04-04 05:33:05,,,
LOVE 001,Jill Scott / Bajja Jedd,Love / Legalize It,Love Recordings (2),"12"", Unofficial",,2001,155768,DnB,2022-04-04 05:30:09,,,
LOVE 002,Dreazz & Falcon / Unknown Artist,What About Love / Ring The Alarm,Love Recordings (2),"12"", Unofficial",,2002,155763,DnB,2022-04-04 05:30:51,,,
MV005,Imagination D / Pish Posh And Chris Young,The War Is Over (Ill.Skillz Remix) / The Angel's Cry,Magic Vinyl,"12"", W/Lbl",,2003,4189529,DnB,2022-04-05 11:27:41,,,
MR001,DJ Sketchy,Dreams / Quick Fix,Mantis,"12"", W/Lbl",,2001,367903,DnB,2022-04-04 06:58:49,,,
MAPA026R,Adam Freeland,Mindkiller,Marine Parade,"12""",,2004,322403,DnB,2022-04-05 23:41:23,,,
FREE01R,Adam Freeland,We Want Your Soul (Remixed),Maximise Profit,"12""",,2003,208955,DnB,2022-04-03 05:21:47,,,
METBOX001,Various,Metalheadz Limited Edition Box Set,Metalheadz,"5x12"", Tin + Box, Album, Ltd",,1997,106709,DnB,2023-07-28 12:48:05,,,only G
METH 037,Rufige Kru,Beachdrifta,Metalheadz,"12""",,2001,3790,DnB,2010-04-08 18:17:29,Very Good (VG),Good (G),
METH 038,Marcus Intalex & ST Files,Universe / Lose Control,Metalheadz,"12""",,2001,3791,DnB,2010-04-08 18:17:47,,,
METH 040,Future Cut,Obsession,Metalheadz,"12""",,2001,3793,DnB,2021-06-21 02:59:05,,,
METH 041,John B,Up All Night / Take Control,Metalheadz,"12""",,2001,3794,DnB,2010-04-08 18:18:03,,,
METH 041R,John B,Up All Night (Remix),Metalheadz,"12""",,2002,24310,DnB,2010-04-08 18:18:04,,,
METH 045,Sonic & Silver,On The Anson / Into The Light,Metalheadz,"12""",,2002,44176,DnB,2024-05-31 23:59:00,Very Good (VG),Very Good (VG),Planet Wax
METH 046,Jonny L,Synkronize / Phreak,Metalheadz,"12"", Promo, W/Lbl",,2002,1354162,DnB,2010-04-08 18:18:17,,,
METH 048,Calyx,Leviathan / Mindfold,Metalheadz,"12""",,2003,88805,DnB,2024-05-31 23:55:34,Very Good Plus (VG+),Good (G),Planet Wax
METH 050,Rufige Kru / Total Science,The Rufige Kru Remix EP,Metalheadz,"2x12"", EP, TP, W/Lbl",,2003,1947430,DnB,2009-11-20 19:32:43,Near Mint (NM or M-),No Cover,only Plate 1 A/B
METH 051,Danny C,Star / Sunday,Metalheadz,"12""",,2003,184306,DnB,2010-04-08 18:18:27,,,
METH 052,Special Forces,Satisfy / Dirty,Metalheadz,"12""",,2003,207021,DnB,2010-04-08 18:18:40,,,
METH 053,Spirit,Solitaire (Remix) / Soul Survivor,Metalheadz,"12""",,2004,207018,DnB,2010-04-08 18:18:47,,,
METH 054,Danny C,Warheadz EP,Metalheadz,"2x12""",,2004,244344,DnB,2010-04-08 18:18:54,,,
METH 055,Calyx,Dark Night EP,Metalheadz,"2x12"", EP",,2004,292974,Uncategorized,2025-06-07 11:53:11,,,
METH 057,Amit,Gatecrasher / Pirates,Metalheadz,"12""",,2004,318181,DnB,2010-04-08 18:19:10,,,
METH 060,Goldie,Say You Love Me,Metalheadz,"12""",,2005,470572,DnB,2010-04-08 18:19:36,,,
METH 061,Outrage (4),Patients / The Rebel,Metalheadz,"12"", Promo, W/Lbl",,2005,1153017,DnB,2024-05-15 13:03:51,,,
METH 062,Commix,Urban Legend / If I Should Fall,Metalheadz,"12""",,2005,479833,DnB,2010-04-08 18:19:43,,,
METH 064,DJ Lee & D. Kay,Wax'd / Eternal Sunset,Metalheadz,"12""",,2005,482289,DnB,2021-06-21 02:59:29,,,
METH 071,Concord Dawn,Broken Eyes / Say Your Words,Metalheadz,"12""",,2006,675036,DnB,2010-04-08 18:19:53,,,
METH 078,Rufige Kru,Shanghai Dub / Everwanted,Metalheadz,"12""",,2009,1780849,DnB,2024-05-15 13:03:09,,,
METH004LP,Various,Metalheadz Presents: MDZ.04 The Album,Metalheadz,"4x12"", Album, Comp",,2004,336625,DnB,2010-04-08 18:21:09,,,
METH005LP,Various,MDZ05,Metalheadz,"4x12"", Comp",,2005,476902,DnB,2021-06-21 02:59:10,,,
METH006LP,Various,The Winter Of Content,Metalheadz,"4x12"", Comp",,2005,535443,DnB,2010-04-08 18:21:23,,,
METH007LP,Various,Drum & Bass Headhunterz,Metalheadz,"4x12"", Comp",,2006,713926,DnB,2025-02-08 05:38:34,Near Mint (NM or M-),Near Mint (NM or M-),
METH02LP,Various,MDZ.02 The Album,Metalheadz,"6x12"", Album",,2002,43508,Uncategorized,2025-06-07 11:52:48,,,
METHLP010S,Rufige Kru,The Platinum Series LP Sampler,Metalheadz,"12"", Ltd, Pic, Smplr",,2008,1449509,DnB,2023-05-06 12:35:10,,,
METHPLA007,Spirit,Sign Of The Times / Temporary Insanity,Metalheadz Platinum,"12"", W/Lbl",,2007,4548222,DnB,2024-05-31 23:54:54,Very Good Plus (VG+),Generic,Planet Wax
METHPLA029,Adred,Captivate EP,Metalheadz Platinum,"12"", EP",,2019,13536210,Uncategorized,2025-06-07 11:51:28,,,
METPLA 006,A-Sides,Showstopper / Set It Off,Metalheadz Platinum,"12""",,2006,670855,DnB,2010-04-08 18:21:51,,,
"METPLA 001, METPLA001",D-Bridge & Vegas (2),Bellini / True Romance,"Metalheadz Platinum, Metalheadz Platinum","12""",,2004,251281,DnB,2010-04-08 18:21:35,,,
"METPLA 004, METPLA004",Calyx,True ID / The Fix,"Metalheadz Platinum, Metalheadz Platinum","12""",,2005,504355,DnB,2010-04-08 18:21:45,,,
"MET H 035, METH 35",Total Science,Silent Reign,"Metalheadz, Metalheadz","12""",,1999,5570,DnB,2010-04-08 18:16:57,Very Good Plus (VG+),Fair (F),
"METH003LP, METH03LP, METH03 LP",Various,MDZ.03 Metalheadz Presents _ No Smoke Without Fire,"Metalheadz, Metalheadz, Metalheadz","4x12"", Album, Comp",,2003,164049,DnB,2010-04-08 18:20:52,,,
MTRR 009,Matrix & Danny Jay,Paradiso / Can't Stop,Metro Recordings,"12""",,2002,80249,DnB,2022-04-06 00:06:30,,,
MTRR 010,Matrix & Fierce,Tightrope / Climate (Remixes),Metro Recordings,"12""",,2003,164038,DnB,2022-04-03 05:20:33,,,
MTRR 014,Cause 4 Concern,Life Support / Turn The Lights Down,Metro Recordings,"12"", Single",,2004,331810,DnB,2022-04-03 05:20:48,,,
MTRR-003,Fortran,Place To Be / Sardines,Metro Recordings,"12""",,1998,1750,DnB,2010-04-08 18:10:33,Very Good Plus (VG+),Good (G),
MTRR-005,Outfit,Serum / New York,Metro Recordings,"12""",,1999,1023,DnB,2022-04-03 05:19:53,,,
MTRR-006,Optical / Outfit,Level_01 (LP Sampler),Metro Recordings,"12"", Smplr",,1999,1752,DnB,2022-04-03 05:19:07,,,
MTRR007,Matrix & Fierce,Tightrope / Climate,Metro Recordings,"12""",,2000,1753,DnB,2022-04-03 05:20:07,,,
"MTRRCD01, MTRRCD 01",Various,Level_01,"Metro Recordings, Metro Recordings","CD, Album, Comp, Mixed",,1999,11118,DnB,2022-04-05 01:57:14,,,
MOKSHA 05T,Kosheen,Hide U / Empty Skies (Floor Mix),Moksha Recordings,"12""",,2000,11773,DnB,2022-04-05 23:40:40,,,
movep 002,DJ Marky · DJ Patife · ESOM · feat Fernanda Porto,The Brazilian Job,Movement,"12"", Smplr",,2001,13698,DnB,2009-11-20 20:51:42,Mint (M),Good Plus (G+),
MOVEP003PT1,Danny C & DJ Addiction / Total Science,The Sound Of Movement Vinyl Sampler 01,Movement,"12"", M/Print, Smplr",,2003,140120,DnB,2009-11-20 20:52:12,Mint (M),Very Good (VG),
MOVEP003PT2,XRS / Ruffstuff & Eljay,The Sound Of Movement Vinyl Sampler 02,Movement,"12""",,2003,141915,DnB,2009-11-20 20:52:02,Mint (M),Very Good (VG),
MOVEP004,Various,The Rumba Sessions EP,Movement,"2x12"", EP",,2003,215101,DnB,2009-11-20 20:52:29,Mint (M),Very Good (VG),
MOVEP005,Various,The Rumba Sessions Vol. II,Movement,"2x12"", EP",,2004,330794,DnB,2009-11-20 20:52:42,Mint (M),Very Good (VG),
ASHADOW 25 LP 1,Various,Killa Bites .01 - Phat 'N Inphectious Drum 'n' Bass,Moving Shadow,"3x12"", Comp",,2000,10175,DnB,2009-11-20 20:53:21,Mint (M),Good Plus (G+),
MSXEP002,E-Z Rollers,RS2000 EP,Moving Shadow,"2x12"", EP, Ltd",,2000,55182,DnB,2022-04-05 10:39:35,,,only X/Y
MSXEP016,Various,Archaeon,Moving Shadow,"2x12"", EP, Ltd",,2002,31710,DnB,2009-11-20 20:57:11,Mint (M),Generic,
MSXEP027,Calyx,The Killa EP,Moving Shadow,"2x12"", EP, Ltd",,2003,202768,DnB,2009-11-20 20:56:49,Mint (M),Generic,
MSXEP031,Culture Shock (2),The Vega EP,Moving Shadow,"2x12"", EP, Ltd",,2004,257530,DnB,2009-11-20 20:57:24,Mint (M),Generic,
SHADOW 120R,E-Z Rollers,Tough At The Top (Remixes By Origin Unknown And Timecode),Moving Shadow,"12""",,1998,62269,DnB,2009-11-20 20:53:46,Near Mint (NM or M-),Generic,
SHADOW 127,Aquasky,Sonix / Gemini,Moving Shadow,"12""",,1999,31714,DnB,2009-11-20 20:58:04,Mint (M),Very Good (VG),
SHADOW 135,Dom & Roland,Killa Bullet / Dumbo,Moving Shadow,"12""",,1999,1574,DnB,2009-11-20 20:54:05,Near Mint (NM or M-),Good (G),
SHADOW 136,Aquasky,Subdivision / 2000 AD,Moving Shadow,"12""",,1999,62276,DnB,2009-11-20 20:54:38,Mint (M),Near Mint (NM or M-),
SHADOW 147,Technical Itch,Dimensions / Relic,Moving Shadow,"12""",,2000,1768,DnB,2010-04-08 19:12:46,,,
SHADOW 158,Deep Blue,The Helicopter Tune (Cause 4 Concern Remix / Helicopter '97),Moving Shadow,"12""",,2002,53885,DnB,2009-11-20 20:55:27,Mint (M),Very Good (VG),
SHADOW 180,Hyper On Experience / Higher Sense,Lords Of The Null Lines / Cold Fresh Air (Remixes),Moving Shadow,"12""",,2006,758630,DnB,2009-11-20 20:55:46,Mint (M),Generic,
"ASHADOW 22 S, ASH22S",Aquasky,Bodyshock (Adam Freeland & Aquasky Remixes),"Moving Shadow, Moving Shadow","12"", Ltd, Smplr",,2000,175901,DnB,2009-11-20 20:58:19,Mint (M),Very Good (VG),
"SHADOW 144, SHADOW144",Dom & Roland,Can't Punish Me,"Moving Shadow, Moving Shadow","12""",,2000,3848,DnB,2009-11-20 20:55:01,Mint (M),Generic,
"mmcd 004, MMCD 004",Dave Clarke,Fuse Presents Dave Clarke,"Music Man Records, Music Man Records","CD, Mixed",,1999,3432,other,2009-11-20 19:35:59,Mint (M),Fair (F),
NTV001,Kemal + Rob Data / Kemal,The Mummy / Bleed,Negative Recordings,"12""",,2000,6276,DnB,2009-11-20 20:12:43,Near Mint (NM or M-),Generic,
NIR 014,John B,Hydrolysis / Xylem,New Identity Recordings,"12""",,2000,10698,DnB,2009-11-20 20:31:03,Mint (M),Very Good Plus (VG+),
NIR12012,Blue Sonix,The Devil Inside E.P.,New Identity Recordings,"2x12"", EP",,1999,44846,DnB,2009-11-20 20:31:39,Mint (M),Very Good (VG),
NUT 031,Rukkus,Big Fly / Aria,No U-Turn,"12""",,2002,86122,DnB,2024-01-04 03:57:03,,,
NUT 033,Silent Witness & Break,Higher Rates / Total Recall,No U-Turn,"12""",,2003,114162,DnB,2022-04-03 05:38:37,,,
NUT-018R,Ed Rush & Nico,Technology (Boymerang Remix),No U-Turn,"12"", S/Sided, Etch",,1997,1741,DnB,2024-05-15 13:03:51,,,
NUT022,Ryme Tyme,We Enter (Remixes),No U-Turn,"12""",,1999,62024,DnB,2022-04-03 05:22:16,,,
NUT024,Ryme Tyme,Teknoid,No U-Turn,"12"", W/Lbl",,2000,5968,DnB,2024-05-15 13:03:09,,,
WORKS002,Rascal & Klone / Tempest (15),Forbidden Fruit / Intoxicate,Noizworks Recordings,"12""",,2004,262080,DnB,2009-11-20 20:25:32,Mint (M),Very Good (VG),
CHEL 001,DJ Phantasy,Untitled,Not On Label,"12"", Unofficial, W/Lbl",,1998,607899,DnB,2022-04-04 07:32:54,,,
DSLTD 001,Digital & Spirit,Dsltd Vol. 1,Not On Label,"12"", Ltd, W/Lbl",,2003,218981,DnB,2024-05-15 13:03:09,,,
LAB 001,Unknown Artist,Get Up / Incision,Not On Label,"12""",,2003,1145455,DnB,2022-04-05 23:51:24,,,
MFORM1,Mulder,Go / Money,Not On Label,"12"", P/Unofficial, W/Lbl",,2000,151673,DnB,2022-04-04 05:08:03,,,
MSG001,Cymande,The Message (Ed Rush & Optical Remix),Not On Label,"12"", S/Sided, Unofficial, W/Lbl",,2003,213865,DnB,2022-04-06 00:05:37,,,
GOOD 001,Basement Jaxx / Bungle & Mikrob,Good Luck (Brazilian Undercover Mix) / Reflections,Not On Label (Basement Jaxx),"12"", P/Unofficial",,2004,257120,DnB,2022-04-04 05:09:16,,,
BR 001,Destiny's Child / Sean Paul,Survivor / Infiltrate (Bladerunner Remixes),"Not On Label (Destiny's Child), Not On Label (Sean Paul)","12"", Unofficial, W/Lbl",,2002,784673,DnB,2022-04-05 23:38:02,,,
none,Dillinja,The Dilinja EP,Not On Label (Dillinja),"12"", S/Sided, Unofficial, W/Lbl",,2002,349992,DnB,2009-11-20 19:47:26,Mint (M),Generic,
FOS 001R,Fugees,Ready Or Not (Remixes),Not On Label (Fugees),"12"", Unofficial, W/Lbl",,2003,1671263,DnB,2010-04-08 18:55:51,,,
SMC 001,La Roux,In For The Kill (Skream's Let's Get Ravey Remix),Not On Label (La Roux),"12"", S/Sided, Ltd, RP, Unofficial, W/Lbl",,2009,1788170,DnB,2022-04-05 13:14:20,,,
FKU001,Lil' Louis,French Kiss (Ed Rush & Optical Remix),Not On Label (Lil' Louis),"12"", S/Sided, Unofficial, W/Lbl",,2002,144106,DnB,2022-04-03 05:22:50,,,
DAONE001,High Contrast Vs The Future Sound Of London,Papua New Guinea (Remix),"Not On Label (The Future Sound Of London), Not On Label (High Contrast)","12"", S/Sided, Unofficial, W/Lbl",,2003,209961,DnB,2022-04-04 06:42:45,,,
NOMU70LP,Luke Slater,Wireless,NovaMute,2xLP,,1999,68714,other,2009-11-20 19:37:00,Mint (M),Good (G),
NNU-2013,Nico (4) & Rukkus,Defender II,Nu Black,"12""",,2001,30107,DnB,2022-04-03 05:38:16,,,
OBSK 001,Item A La Playa / Reverb (2),Crime Audio / Direct Step,Obushek,"12""",,2001,620767,DnB,2022-04-04 05:32:08,,,
OK002,Raiden / Propaganda (4),Chernobyl 4 / Point Of Contact,Offkey,"12""",,2006,617101,DnB,2010-04-08 18:58:18,,,
OK003,Propaganda (4),The Real / Axis And Allies,Offkey,"12"", W/Lbl",,2006,5107563,DnB,2022-04-05 11:44:52,,,
ORG 003,JL (2),Electrolyte / Hymn (Dom And Roland Remix),Orgone,"12""",,2000,51264,DnB,2009-11-20 20:19:45,Mint (M),Good Plus (G+),
ORG 014,DJ Dara + A-Sides / DJ Dara,Unholy Grail / Possession (DSF Remix),Orgone,"12""",,2003,218890,DnB,2009-11-20 20:18:16,Mint (M),Very Good Plus (VG+),
ORG 016,Rawthang,Unity / Netrunner,Orgone,"12""",,2004,253107,DnB,2009-11-20 20:20:08,Mint (M),Good Plus (G+),
OUTB018,Dylan & DJ Ink,California Curse (Remixes),Outbreak Records,"12""",,2002,64484,DnB,2010-04-08 18:49:01,,,
OUTB021,Dylan,Trapped In Beats Vol. 3,Outbreak Records,"2x12"", Promo, W/Lbl, Sti",,2003,8430564,DnB,2022-04-05 11:40:08,,,
OUTBLTD019,Skitty,D.N.A / Taboo,Outbreak Records,"12"", Ltd",,2004,242814,DnB,2010-04-08 18:48:13,,,
OUTBLTD05,Baron,Nute / Searching,Outbreak Records,"12"", Ltd",,2002,69196,DnB,2010-04-08 18:48:44,,,
OUTBLTD1,Mindmachine,Paranoia / Sanitarium,Outbreak Records,"12"", Ltd",,2001,23641,DnB,2010-04-08 18:48:49,,,
TIP007,Technical Itch,Penetration 7,Penetration Records,"12"", Ltd, Pic",,2002,73088,DnB,2022-04-06 00:13:23,,,
TIP011,Technical Itch,Soldiers / The Green,Penetration Records,"12"", Promo, W/Lbl",,2003,3448654,DnB,2022-04-05 11:26:37,,,
PHAX 002,Digital & Spirit,Mayhem / Gateman,Phantom Audio,"12"", Spe",,2001,6775,DnB,2010-05-09 15:54:15,,,
PHAX 003,Digital & Spirit,Quickdraw / Three In One,Phantom Audio,"12"", Spe",,2001,26719,DnB,2022-04-03 05:53:59,,,
"PHAX 001, PHAX001",Digital,One Ton,"Phantom Audio, Phantom Audio","12"", Spe",,2000,6774,DnB,2023-05-06 12:36:07,,,
PPRO 11VS,Fabio & Photek,No Joke / Baltimore,Photek Productions,"12""",,2004,345245,DnB,2022-04-03 05:42:02,,,
PPRO 13VS,Photek vs. Special Forces,Ni Ten Ichi Ryu / Sidewinder (Remixes),Photek Productions,"12""",,2006,644145,DnB,2024-05-31 23:56:12,Very Good Plus (VG+),Very Good (VG),Planet Wax
PPRO 7VS,Special Forces,Sidewinder / The End (Remix),Photek Productions,"12""",,2003,125957,DnB,2022-04-03 05:41:42,,,
PPRO5VS,Special Forces,Miracle / What I Need,Photek Productions,"12""",,2002,55185,DnB,2022-04-03 05:41:30,,,
PPRO8VS,Teebee,Life -Continue / Tech.G,Photek Productions,"12""",,2003,144284,DnB,2024-05-31 23:57:50,Very Good (VG),Very Good (VG),Planet Wax
PPRO9VS,Teebee,Warehouse / Bounce,Photek Productions,"12""",,2003,204148,DnB,2022-04-03 05:41:51,,,
phuturo024,Juju,Wake Up / Last Breath,Phuturo Recordings,"12""",,2006,739402,DnB,2022-04-04 06:43:05,,,
PHUTUROINNALTD001,Juju / Spirit,Cool Down (Spirit Rmx) / Moving Target (Juju Rmx),"Phuturo Recordings, Inneractive Music","12""",,2006,596919,DnB,2024-05-15 13:03:08,,,
PIH 005,Jonny L,Dirt / Trouble,Piranha Records,"12""",,2002,51468,DnB,2022-04-03 05:41:13,,,
PIH007,Jonny L,27 Hours A Day Part One,Piranha Records,"12""",,2003,190107,DnB,2022-04-03 05:40:11,,,
"PIH006R, PIH006",Jonny L,Lets Roll,"Piranha Records, Piranha Records","12""",,2003,142333,DnB,2022-04-03 05:40:58,,,
PLER 003,Transit,Afterburn / Blowback,Pleroma Inc,"12""",,2001,56897,DnB,2022-04-04 05:31:47,,,
PORTICA001,Danny C,Citrus / Mean Streets,Portica Recordings,"12""",,2001,15904,DnB,2010-04-08 18:49:18,,,
"12TIV 171, 12 TIVDJ 171",Shy FX & T Power Featuring Di,Shake Ur Body,"Positiva, Positiva","12""",,2002,31827,DnB,2022-04-05 23:42:37,,,
P51-04,Gridlok / Gridlok & Silver (2),Shallow / Pacemaker,Project 51,"12""",,2003,242342,DnB,2009-11-20 20:22:05,Mint (M),Very Good (VG),
PTR 001,DJ Rap & G Squad / DJ SS,Frequency / Static,Proper Talent,"12""",,1999,401147,DnB,2009-11-20 21:06:09,Mint (M),Very Good (VG),
PTL 012,Dagga,Life System / Home Run,Protocol,"12"", Promo, W/Lbl",,2000,2653206,DnB,2022-04-05 23:52:08,,,
PRO 001 UK,Bad Company,The Pulse / China Cup,Prototype Recordings,"12""",,1999,3275,DnB,2021-06-05 11:14:00,,,
PRO 002UK,Various,Connexions EP,Prototype Recordings,"2x12"", EP",,2000,4419,DnB,2022-04-04 05:24:30,,,
PRO 003UK,Bad Company,Planet Dust / Speedball,Prototype Recordings,"12""",,2001,3762,DnB,2021-06-05 11:17:20,,,
PRO 004,Cybotron Featuring Dillinja,Threshold / Got To,Prototype Recordings,"12""",,1996,270,Uncategorized,2025-06-07 11:53:54,,,
PRO 010,Cybotron Featuring Dillinja,Light Years / Revelations,Prototype Recordings,"12""",,1997,2783,DnB,2024-04-30 09:55:15,,,
PRO 011,Matrix,Mute '98 / Convoy,Prototype Recordings,"12""",,1998,207,DnB,2023-07-28 12:48:34,,,
PRO 012,DJ Trace,Sonar / Sphere,Prototype Recordings,"12""",,1998,5044,DnB,2022-04-04 05:24:49,,,
PRO 014,"Ed Rush, Optical & Fierce",Cutslo (Lokuste Mix) / Alien Girl,Prototype Recordings,"12""",,1998,832,DnB,2022-04-03 05:34:15,,,
PRO UK 004,"Drumsound & Simon ""Bassline"" Smith",The Odyssey / Body Movin',Prototype Recordings,"12""",,2004,321593,DnB,2022-04-03 05:34:28,,,
QRN.001,Fierce / Fresh / Ed Rush & Optical,Innocence / Rehab,Quarantine,"12""",,2002,56899,DnB,2009-11-20 20:09:17,Mint (M),Very Good (VG),
QRN002,Fierce / Cause 4 Concern,Carrier / Bermuda,Quarantine,"12""",,2003,111624,DnB,2009-11-20 20:08:56,Very Good Plus (VG+),Very Good (VG),
QRN003,Various,Holding Room EP,Quarantine,"2x12"", EP",,2004,258720,DnB,2009-11-20 20:09:32,Mint (M),Near Mint (NM or M-),
RAMM 22,Ram Trilogy,Chapter One,RAM Records,"12""",,1998,983,DnB,2022-04-05 13:15:34,,,
RAMM 26,Ram Trilogy,Evolution / Mindscan Remix,RAM Records,"12"", Ltd",,1999,1477,DnB,2022-04-05 13:16:00,,,
RAMM 27,Moving Fusion,Atlantis EP,RAM Records,"2x12"", EP",,2000,5639,DnB,2022-04-05 13:16:18,,,
RAMM 28,Ram Trilogy,Titan EP,RAM Records,"2x12"", EP",,2000,5640,DnB,2022-04-04 07:29:46,,,
RAMM 29,Moving Fusion / Origin Unknown,Turbulence / Sound In Motion,RAM Records,"12""",,2000,5641,DnB,2022-04-05 13:16:42,,,
RAMM 32,Various,Ram Raiders Part 3,RAM Records,"3x12"", Comp",,2001,5965,DnB,2022-04-05 13:17:30,,,
RAMM 33,Moving Fusion,Atlantis (Bad Company Remix) / Survival,RAM Records,"12""",,2001,8081,DnB,2022-04-04 07:34:24,,,
RAMM 40,Ram Trilogy,Chapter Five,RAM Records,"12""",,2002,37410,DnB,2022-04-05 13:18:25,,,
RAMM 44,Ram Trilogy,Screamer E.P.,RAM Records,"2x12"", EP",,2003,174590,DnB,2022-04-05 13:18:50,,,
RAMM 46,Fresh,Signal / Big Love,RAM Records,"12""",,2003,184747,DnB,2022-04-05 13:19:11,,,
RAMM 50,Various,Ram Raiders Vol. 06,RAM Records,"2x12""",,2004,308419,DnB,2022-04-05 13:19:21,,,
RAMM 61,Various,Dimensions 2 EP,RAM Records,"2x12"", EP",,2006,747405,DnB,2022-04-05 13:19:51,,,
RAMM LP3,Ram Trilogy,Molten Beats,RAM Records,"5x12"", Album",,1999,1476,DnB,2022-04-05 13:20:47,,,
RAMM35,Moving Fusion,Thunderball / Lazy Bones,RAM Records,"12""",,2001,14018,DnB,2022-04-05 13:18:02,,,
RAMM36,Ant Miles & Red One,Bring It On / Musica,RAM Records,"12""",,2001,16127,DnB,2022-04-05 13:18:15,,,
RAMM43,Fresh,Music Maker EP,RAM Records,"2x12"", EP",,2003,111632,DnB,2022-04-05 13:18:38,,,
RAMM45,Dynamite MC & Origin Unknown,Hotness,RAM Records,"12""",,2003,181615,DnB,2022-04-05 13:19:01,,,
"RAMM34, Ramm34",Andy C & Shimon,Body Rock,"Ram Records, Ram Records","12""",,2001,10545,DnB,2022-04-04 07:29:33,,,
"RAMM38, RAMM 38",Origin Unknown,Truly One (Remixes),"RAM Records, RAM Records","12""",,2002,37469,DnB,2024-05-31 23:53:54,Very Good Plus (VG+),Poor (P),Planet Wax
RATIO:00:003,Moving Fusion,Volume 3,Ratio Recordings,"12""",,2001,9327,DnB,2022-04-04 05:25:05,,,
12 REACT 201,Bad Company,Drum & Bass Arena Sampler,React,"12"", S/Sided, Ltd, Smplr",,2001,13444,DnB,2009-11-20 19:44:30,Mint (M),Very Good Plus (VG+),
REACT LP 240,Various,Drum & Bass Arena Vol. 2,React,"3x12""",,2003,202683,DnB,2009-11-20 19:46:57,Mint (M),Good (G),
RL 002,Subhuman,Eggplant / 3 Sixty,Red Light Records,"12""",,2002,70291,DnB,2009-11-20 20:26:33,Mint (M),Generic,
RL005,Optiv,Release Me / Gazala,Red Light Records,"12""",,2004,261420,DnB,2009-11-20 20:26:57,Mint (M),Generic,
RL007,Mayhem (7) & Psidream / Axiom (7) Feat. Optiv,Unsung / Nightfalls,Red Light Records,"12"", Single",,2005,534788,DnB,2009-11-20 20:27:18,Mint (M),Generic,
"12REGDJX135, 00946 370250 1 7",Lily Allen,Smile,"Regal, Regal","12"", Promo",,2006,757610,DnB,2022-04-04 06:58:00,,,
rivet 171,Solar Motion,So Bad / Get Dread,Reinforced Records,"12""",,2001,12057,DnB,2022-04-04 06:44:09,,,
rivet 183,4 Hero,9x9 (Marcus Intalex & ST Files Mixes),Reinforced Records,"12"", Cle",,2002,28871,DnB,2022-04-03 05:53:47,,,
RH 23,Future Cut,Bloodline EP,Renegade Hardware,"2x12"", EP",,2000,128704,DnB,2010-04-08 18:31:39,,,
RH012,Absolute Zero + Subphonics,The Code / Fugitive,Renegade Hardware,"12""",,1998,5138,DnB,2010-04-08 18:30:35,,,
RH013,Dylan,The Eyes / Kombat,Renegade Hardware,"12""",,1998,15702,DnB,2010-04-08 18:30:53,,,
RH016,Usual Suspects,Killa Bees / Contortion,Renegade Hardware,"12""",,1999,4787,DnB,2010-04-08 18:31:01,,,
RH021,Loxy & Usual Suspects,Stalker / Fracture,Renegade Hardware,"12""",,1999,15709,DnB,2010-04-08 18:31:21,,,
RH024,Loxy & Ink,Quasimodo EP,Renegade Hardware,"2x12"", EP, Promo",,2000,2042718,DnB,2022-04-05 10:42:27,,,
RH042,Various,Fire,Renegade Hardware,"2x12"", EP, Promo",,2002,1691895,DnB,2010-04-08 18:34:28,,,
RH049,Keaton,Invisible Man EP,Renegade Hardware,"2x12"", EP",,2003,153142,DnB,2010-04-08 18:33:10,,,
RH050,Various,Paranoia EP,Renegade Hardware,"3x12"", EP",,2003,175086,DnB,2010-04-08 18:33:17,,,
RH051,Resonant Evil,Troubleshoot / Salamol,Renegade Hardware,"12""",,2003,192764,DnB,2010-04-08 18:33:24,,,
RH057,Various,The Reloaded EP Part 1,Renegade Hardware,"2x12"", EP, Comp",,2004,261820,DnB,2010-04-08 18:33:35,,,
RH069,Chase & Status,Ten Tonne EP,Renegade Hardware,"2x12"", EP",,2005,531914,DnB,2010-04-08 18:33:53,,,
RH07,Future Forces Inc + Fierce,Imprint / Constant,Renegade Hardware,"12""",,1997,13536,DnB,2024-01-04 03:57:38,,,
RH2000LP,Various,Armageddon,Renegade Hardware,"7x12"", Album, Comp, Ltd, RP",,2005,3925559,DnB,2022-04-05 10:47:55,,,
RH27,Usual Suspects,Syndrome E.P.,Renegade Hardware,"2x12"", EP",,2000,9492,DnB,2010-04-08 18:31:54,,,
RH29,Total Science,Street Level E.P.,Renegade Hardware,"2x12"", EP",,2001,1797,DnB,2010-04-08 18:32:02,,,
RH31,DJ Ink,Kaos Theory E.P.,Renegade Hardware,"2x12"", EP",,2001,4995,DnB,2010-04-08 18:32:15,,,
RH32,Cause 4 Concern,Symptom EP,Renegade Hardware,"2x12"", EP",,2001,9491,DnB,2010-04-08 18:32:21,,,
RH35,Future Cut,Ghetto Style E.P.,Renegade Hardware,"2x12"", EP",,2001,9349,DnB,2010-04-08 18:32:30,,,
RH41,Various,The Four Elements (Part 2 - Air),Renegade Hardware,"2x12"", EP",,2002,55952,DnB,2010-04-08 18:32:51,,,
RH43,Various,The Four Elements (Part 4 - Water),Renegade Hardware,"2x12"", Comp",,2002,67628,DnB,2022-04-05 10:45:11,,,only C/D
RH45,Keaton & Hive,The Plague,Renegade Hardware,"12""",,2003,97134,DnB,2010-04-08 18:33:00,,,
RHLP03,Various,Aftermath (Essential Rewindz),Renegade Hardware,"Box, Comp, Ltd + 7x12""",,2000,11067,DnB,2024-05-09 03:57:57,,,
RHLP05,Various,Skool Of Hard Knocks,Renegade Hardware,"5x12"", Comp",,2004,250493,DnB,2010-04-08 18:30:02,,,
RHLTD01,Various,Hardware Limited 01 Remix EP,Renegade Hardware,"2x12"", EP, Ltd, TP, W/Lbl, Sti",,2004,1702036,DnB,2022-04-04 05:23:05,,,
RHLTD01,Various,Hardware Limited 01 Remix EP,Renegade Hardware,"2x12"", EP, Ltd, TP, W/Lbl, Sti",,2004,1702036,DnB,2010-04-08 18:35:02,,,
"RH74, 74",Various,Carpe Diem - Part I  (Abysuss),"Renegade Hardware, Renegade Hardware","3x12"", Comp",,2006,623779,DnB,2010-04-08 18:34:07,,,
RR39,The Insiders,Detroit / Chicago,Renegade Recordings,"12"", Promo",,2003,2028400,DnB,2022-04-04 06:44:28,,,
REVOLVER001,Marcus Intalex & ST Files,Barracuda / Freaky,Revolve:r,"12""",,2003,163371,DnB,2010-05-09 15:51:47,,,
REVOLVER002,Spirit,Labyrinth / Bitter Sweet,Revolve:r,"12""",,2003,197669,DnB,2010-04-08 18:14:24,Very Good (VG),Good (G),
REVOLVER003,Calibre,P.U.R. / Cold Halo,Revolve:r,"12""",,2004,245737,DnB,2010-05-09 15:51:58,,,
REVOLVER004,Marcus Intalex,Afrikaa / Bridge The Gap,Revolve:r,"12""",,2005,402744,DnB,2021-06-21 02:59:47,,,
REVOLVER006,Marcus Intalex,Immersed / Instrumental (For Change),Revolve:r,"12""",,2005,516641,DnB,2010-05-09 15:52:16,,,
SKYFI2001,Accidental Heroes,Soulfood / Summer Of Love,Science Fiction Records,"12""",,2001,16004,DnB,2009-11-20 20:00:53,Near Mint (NM or M-),Generic,
SER6712,Matrix Vs Goldtrix,It's Love (Trippin),"Serious Records, Evolve Records, Metro Recordings","12""",,2003,123373,DnB,2022-04-03 05:18:44,,,
SHAKE003,Rascal & Klone,Zero Tolerance / Terminal Velocity,Shakedown,"12""",,2002,111298,DnB,2009-11-20 20:25:56,Mint (M),Generic,
SHA001,Jo,R-Type,Shogun Audio,"12""",,2004,245807,DnB,2009-11-20 20:11:47,Mint (M),Near Mint (NM or M-),
SIG005,Calibre,Mr. Maverick / Highlander,Signature Records,"12""",,2004,246405,DnB,2010-05-09 15:53:02,,,
SKEL 006,DJ Monita & DJ Monk (2),Dark And Delight E.P.,Skeleton Recordings,"12"", EP",,1993,280503,DnB,2010-04-08 19:17:26,,,
SRP 012,Alpha Omega,Random Elements / Snake Eyes,Skunkrock Productions,"12""",,2002,45412,DnB,2022-04-04 07:35:23,,,
SKY002,Skynet,Logan's Run / Daytona,Skynet Recordings,"12"", W/Lbl, Sti",,2003,1595583,DnB,2009-11-20 20:17:07,Mint (M),Generic,
SOSTUD009,Mathematics + Tactile,Treason / Rooted (Part 1),Social Studies,"12""",,2006,755217,DnB,2022-04-04 06:43:31,,,
SAR002,"Brockie, DJ Kane, Ed Solo",Shallow Mindz / Fantasy,Sonic Art Recordings,"12""",,2001,10057,DnB,2022-04-04 06:44:47,,,
sonix 002,Aquasky vs Sketch,Structure / Like This (Aquasky Remix),Sonix,"12""",,2001,2072571,DnB,2022-04-04 07:42:21,,,
sonix005,Aquasky,Badlands / Sucker Punch,Sonix,"12""",,2001,30109,DnB,2009-11-20 20:58:35,Very Good Plus (VG+),Generic,
SONIX006,Aquasky,Badlands (Bassline & Drumsound Rmx) / Sucker Punch (Accidental Heroes Rmx),Sonix,"12"", Promo",,2002,3258656,DnB,2022-04-04 07:42:47,,,
SOULR001,Marcus Intalex & ST Files,Play On Me / Warp 1,Soul:r,"12""",,2001,13360,DnB,2021-06-21 02:59:37,,,
SOULR002,Calibre,Interphaze / Fire & Water,Soul:r,"12""",,2001,13361,DnB,2010-05-09 15:49:58,,,
SOULR003,Mist:i:cal,Mistical Dub EP,Soul:r,"2x12"", EP",,2002,23639,DnB,2010-05-09 15:50:26,,,
SOULR006,Various,Soul:ution Series 1 Part 3,Soul:r,"2x12""",,2003,109302,DnB,2010-05-09 15:50:34,,,
SOULR007,Marcus Intalex & ST Files,Jam Hot / Outerspace,Soul:r,"12""",,2003,162717,DnB,2010-05-09 15:50:47,,,
SOULR009,Marcus Intalex & ST Files Vs DJ Marky & XRS / Mist:i:cal,Soul:ution Sampler 2,Soul:r,"12"", Smplr",,2003,219551,DnB,2010-05-09 15:51:13,,,
SOULR020,Mist:i:cal,Just A Little Herb / Memory Jog,Soul:r,"12""",,2006,716179,DnB,2010-05-09 15:51:31,,,
FILM014,Cujo (2),Soundtrax For Life Vol. 1 (Album Sampler 1),Sound Trax,"12"", Ltd, Smplr",,2006,663358,DnB,2022-04-06 00:08:04,,,
"FILM016, FILM 016",Basic Operations,The Great Break Away / Garufina,"Sound Trax, Sound Trax","12""",,2006,723284,DnB,2024-05-15 13:03:51,,,
spacer001,Sonic,Futureworld / What U Do 2 Me,Space Recordings,"12""",,2003,92603,DnB,2009-11-20 19:59:32,Mint (M),Very Good (VG),
spacer012,Ed Rush & Sonic / Sonic,Kinetic / Tenshi,Space Recordings,"12""",,2005,438960,DnB,2009-11-20 19:59:52,Mint (M),Good Plus (G+),
SPLAZH031,Ego Trippin',Vortex Plains / 3rd Angle,Splash Recordings,"12"", Promo",,2000,11371226,DnB,2022-04-05 23:54:10,,,
BCR-SQ-EP-001,Various,EP-001,Square One,"2x12"", EP, Promo, W/Lbl",,2002,2074106,DnB,2022-04-04 07:01:42,,,
STR003,Various,Edge Of Human,Stealth Recordings (2),"2x12"", EP",,2003,151650,DnB,2009-11-20 20:12:20,Mint (M),Very Good (VG),
subtitles 009,TeeBee,Decieve / Meet Your Maker,Subtitles,"12""",,2001,3842,DnB,2010-04-08 19:07:43,,,
SUBTITLES 046,Teebee,Snakefunk,Subtitles,"12""",,2005,534436,DnB,2010-04-08 19:08:24,,,
SUBTITLES LP 001PT1,Future Prophecies,Warlords Rising - Chapter I,Subtitles,"12""",,2004,232624,DnB,2010-04-08 19:11:09,,,
SUBTITLES LP 001PT3,Future Prophecies,Warlords Rising - Chapter III,Subtitles,"12""",,2004,296486,DnB,2010-04-08 19:11:14,,,
SUBTITLES034,Orion (2),Time Stands Still,Subtitles,"12""",,2004,265161,DnB,2010-04-08 19:08:13,,,
SUBTITLES050PART1,Various,Subtitles 50 Part 1,Subtitles,"2x12"", EP",,2006,654333,DnB,2010-04-08 19:08:34,,,
SUBTITLES051,State Of Mind (8),Money Train / Angels & Thieves,Subtitles,"12""",,2006,667790,DnB,2010-04-08 19:08:43,,,
SUBTITLES054,State Of Mind (8),Dune / Afterlife,Subtitles,"12""",,2006,762591,DnB,2010-04-08 19:08:59,,,
SUBTITLESEP001,Teebee & Future Prophecies,Classic Series,Subtitles,"2x12"", EP, RP",,2006,703371,DnB,2010-04-08 19:07:34,,,
SUBTITLESLP002,Teebee,The Legacy,Subtitles,"4x12"", Album",,2004,308145,DnB,2010-04-08 19:10:57,,,
"SUBTITLES 055, subtitles o55",Various,Subtitles Fifty 5 EP.,"Subtitles, Subtitles","2x12"", EP",,2006,762592,DnB,2010-04-08 19:09:09,,,
SDR12006,Gridlok,Relapse,Sudden Def Recordings,"12"", W/Lbl",,2002,3620595,DnB,2022-04-04 07:39:21,,,
TLXX51,Krust Featuring Saul Williams,Coded Language (Roni Size Remixes),Talkin' Loud,"12""",,1999,5851,DnB,2009-11-20 20:47:36,Mint (M),Very Good (VG),
"TLX 62, TLX62/572689-1",MJ Cole Featuring Elisabeth Troy,Hold On To Me,"Talkin' Loud, Talkin' Loud","12""",,2000,28931,Uncategorized,2025-06-07 11:52:21,,,
"TLX 61, TLX61, 562 962-1",Roni Size / Reprazent,Who Told You,"Talkin' Loud, Talkin' Loud, Talkin' Loud","12""",,2000,1638,DnB,2009-11-20 20:47:56,Mint (M),Good Plus (G+),
TI028,Decoder,Hord 39 / Cobra,Tech Itch Recordings,"12""",,2000,5926,DnB,2010-04-08 19:11:53,,,
tech006,"Drumsound & Simon ""Bassline"" Smith",I Need Your Love / Breakdown,Technique Recordings,"12""",,2000,8549,DnB,2009-11-20 20:41:51,Mint (M),Good (G),
tech010,Various,The X Project Pt 1,Technique Recordings,"2x12""",,2001,112059,DnB,2009-11-20 20:42:12,Mint (M),Good Plus (G+),
tech015,Various,The X Project Pt 3,Technique Recordings,"2x12""",,2002,43471,DnB,2009-11-20 20:42:26,Mint (M),Very Good (VG),
TECH016,"Drumsound & Simon ""Bassline"" Smith",Annihilate / Ants Nest,Technique Recordings,"12"", Promo, W/Lbl, Sti",,2002,3625356,DnB,2022-04-05 23:43:27,,,
TECH025,Skyver & D Jon,Beastie General / All That Stands,Technique Recordings,"12""",,2004,306720,DnB,2009-11-20 20:43:02,Mint (M),Near Mint (NM or M-),
TEKDBZ001,Special Forces,Rinsa / Babylon (VIP),TEKDBZ,"12"", Ltd",,2004,353631,DnB,2022-04-03 05:42:27,,,
Test. 5,Lemon D,Static / Rapture,Test Recordings,"12""",,1998,9858,DnB,2009-11-20 21:03:38,Near Mint (NM or M-),Good (G),
"TESTEP001, TEST EP 001",Dillinja & Lemon D,The Crash Test E.P.,"Test Recordings, Test Recordings","3x12"", EP",,2003,108233,DnB,2009-11-20 21:03:59,Near Mint (NM or M-),Very Good Plus (VG+),
MILITIA001,Militia,Amnesia / Uncooked,The Militia Recordings,"12"", Promo, W/Lbl",,2003,2073164,DnB,2022-04-05 11:31:55,,,
THUN 006,Forged (2),Spur / Minim,Thunder,"12"", W/Lbl",,1998,2951683,DnB,2022-04-04 07:38:00,,,
TDR 001,Calyx & DJ Kontrol,Set Me Free / Drums Take Control,Thunderous Audio,"12"", Single",,2006,710219,DnB,2009-11-20 20:28:33,Mint (M),Very Good Plus (VG+),
TYME 010,Digital,Spacefunk 2000 (Remixes),Timeless Recordings,"12""",,2001,5953,DnB,2010-04-08 18:15:19,Very Good (VG),Good (G),
TYME 022,Concord Dawn,Morning Light / Check This Sound,Timeless Recordings,"12""",,2002,43987,DnB,2010-05-09 15:58:44,,,
TYME 026,Concord Dawn,Morning Light (Klute Remix) / Don't Tell Me,Timeless Recordings,"12""",,2004,226775,DnB,2010-05-09 15:58:54,,,
TYME034,Duo Infernale,Dreamherb / Another Dimension,Timeless Recordings,"12""",,2006,732489,DnB,2010-05-09 15:59:05,,,
TOV51,Sinthetix,Liar,Trouble On Vinyl,"12"", Promo",,2002,1098993,DnB,2010-04-08 18:36:31,,,
TOV53,Psychosis,Street Noise,Trouble On Vinyl,"12"", Promo",,2002,2079164,DnB,2010-04-08 18:36:19,,,
TOV54,Eskobar Featuring Lemon D,What Bass / Switch,Trouble On Vinyl,"12""",,2002,75302,DnB,2024-05-31 23:58:24,Very Good (VG),Very Good (VG),Planet Wax
TPR 12046,Pascal,Johnny 2003 (BC Remix) / Flip It,True Playaz,"12""",,2003,153146,DnB,2010-04-08 18:54:03,,,
TPR12037,Brockie & Ed Solo,Mars / Echo Box,True Playaz,"12""",,2002,21272,DnB,2024-05-15 13:04:22,,,
TPR12038,DJ Zinc,Present Tense EP,True Playaz,"2x12"", EP",,2002,28261,DnB,2010-04-08 18:53:37,,,
TPR12044,DJ Zinc,Freenote EP,True Playaz,"2x12"", EP",,2003,95258,DnB,2024-05-15 13:03:52,,,
TPR12048,DJ Friction & Nu Balance,Robocop / Slipstream,True Playaz,"12""",,2003,212544,DnB,2010-04-08 18:53:42,,,
TPRLP004S,DJ Zinc / DJ Hype,Casino Royale / Dead A's,True Playaz,"12"", Ltd, Smplr",,2001,9328,DnB,2010-04-08 18:53:24,,,
UFO 001EP,Ray Keith,Something Out There - The Remixes,UFO,"2x12"", EP, Comp, Ltd",,2000,10366,DnB,2023-01-09 05:43:08,,,
UDFR015,Kraken,Side Effects (Remix),Underfire,"12""",,2000,13335,DnB,2009-11-20 20:13:14,Near Mint (NM or M-),Fair (F),
UD001.,Brockie & Ed Solo,Represents / Showdown,Undiluted Recordings,"12""",,1998,10648,DnB,2024-05-15 13:03:51,,,
UPR 006,Various,Phase Nu EP,Universal Project,"2x12"", EP",,2005,573026,DnB,2010-04-08 18:38:12,,,
UPR003,Universal Project,Warboyz Approach EP,Universal Project,"2x12"", EP",,2002,92609,DnB,2010-04-08 18:37:39,,,
UPR007,Universal Project & Vicious Circle (3) / Universal Project,Hellrazor / Warboyz (Phobia Remix),Universal Project,"12""",,2006,614070,DnB,2010-04-08 18:38:01,,,
UKR 2009,Leon Switch,The Fear Inside / Sending My Love,Unkut Records,"12"", W/Lbl",,2003,1230813,DnB,2010-04-08 19:02:21,,,
URBTAKE 30,Rascal & Klone,The Reprise / Galactic Jam,Urban Takeover,"12""",,2002,32591,DnB,2009-11-20 20:25:07,Mint (M),Very Good (VG),
URBTAKE 32,Micky Finn & L Double,When The Morning Comes,Urban Takeover,"12"", Single",,2002,158559,DnB,2022-04-04 06:36:12,,,
V-031,Jagged Edge,Rock Baby / Driver,V Recordings,"12""",,2000,1759,DnB,2024-05-15 13:04:22,,,
V-034,Various,The Flava EP,V Recordings,"2x12"", EP",,2001,10600,DnB,2009-11-20 20:49:27,Near Mint (NM or M-),Generic,
V-037,Dillinja,The Grimey EP,V Recordings,"2x12"", EP",,2002,32823,DnB,2009-11-20 20:50:41,Mint (M),Good (G),
V-039,"Drumsound & Simon ""Bassline"" Smith",Freestyle Mambo / Aquarius,V Recordings,"12""",,2003,106817,DnB,2009-11-20 20:51:19,Mint (M),Very Good (VG),
V035,SP Collective,LK (Instrumental) / System,V Recordings,"12"", W/Lbl",,2002,79696,DnB,2009-11-20 20:50:06,Mint (M),Generic,
V035,DJ Marky & XRS Featuring Stamina MC,LK 'Carolina Carol Bela',V Recordings,"12""",,2002,36947,DnB,2009-11-20 20:50:25,Mint (M),Good (G),
VELP 02,Various,Planet V,V Recordings,"8x12"", Comp + Box, Comp",,1999,48580,DnB,2009-11-20 20:48:56,Mint (M),Very Good Plus (VG+),
CYBX1,Dillinja,Cybotron,Valve Recordings,2xVinyl,,2000,1758081,DnB,2009-11-20 21:00:55,Mint (M),Very Good Plus (VG+),
VLV004,Capone,Hometown E.P.,Valve Recordings,"2x12"", EP",,2001,3404,DnB,2009-11-20 21:01:09,Mint (M),Very Good Plus (VG+),
VLV005,Bert,The Debut E.P.,Valve Recordings,"2x12"", EP, W/Lbl",,2001,3711338,DnB,2022-04-05 13:27:16,,,
VLV006,Danny C,Vivid / So Real,Valve Recordings,"12""",,2001,9346,DnB,2009-11-20 21:01:20,Mint (M),Near Mint (NM or M-),
VLV007,Dillinja,Live Or Die / South Manz,Valve Recordings,"12""",,2002,71013,DnB,2009-11-20 21:02:18,Mint (M),Near Mint (NM or M-),
VLV008,Dillinja,This Is A Warning / Super DJ,Valve Recordings,"12""",,2003,127360,DnB,2009-11-20 21:02:02,Mint (M),Near Mint (NM or M-),
VLV009,Lemon D,Generation X (Krush U) / Violator,Valve Recordings,"12""",,2003,145880,DnB,2009-11-20 21:02:32,Mint (M),Near Mint (NM or M-),
VLV010,Fresh,Dead Man Walking / Formula One,Valve Recordings,"12""",,2003,169890,DnB,2009-11-20 21:02:42,Mint (M),Near Mint (NM or M-),
VLV02LP,Dillinja And Lemon D,The Killa-Hertz,Valve Recordings,"4x12"", Album",,2003,210723,DnB,2009-11-20 21:00:36,Mint (M),Very Good Plus (VG+),
SYN.16,Visionary,Zion / Dark (Remix),Vinyl Syndicate Recordings,"12""",,2001,415617,DnB,2022-04-04 07:31:44,,,
VIO-006,Gridlok,Vampire / Aggressor,Violence Recordings,"12""",,2003,145887,DnB,2009-11-20 20:03:36,Near Mint (NM or M-),Generic,Promo copy
VIO-007,Echo,Out Of Time / Solaris,Violence Recordings,"12""",,2003,155947,DnB,2009-11-20 20:04:01,Near Mint (NM or M-),Fair (F),
VIO-008,Hive,Neo / Gemini,Violence Recordings,"12""",,2003,175703,DnB,2009-11-20 20:05:13,Mint (M),Near Mint (NM or M-),
VIO-010,Gridlok,Heatwave / Heatwave,Violence Recordings,"12"", MP",,2004,22775861,DnB,2022-04-05 11:19:38,,,
VIO-011,Keaton & Hive,Bring It On / Under Pressure,Violence Recordings,"12""",,2004,226840,DnB,2009-11-20 20:04:59,Mint (M),Very Good (VG),
VIO-018,Hive & Gridlok,Standing Room Only / Event Horizon,Violence Recordings,"12""",,2006,670958,DnB,2009-11-20 20:05:44,Mint (M),Near Mint (NM or M-),
"VST1752, 7243 8 96440 6 7",Everything But The Girl,Blame,"Virgin, Virgin","2x12"", Ltd",,1999,178365,DnB,2009-11-20 19:50:39,Mint (M),Good (G),
VRS 001 CD,Ed Rush & Optical,Wormhole,Virus Recordings,"CD, Album + CD, Mixed",,1999,22025,DnB,2022-04-05 01:57:01,,,
VRS 001 LP,Ed Rush & Optical,Wormhole,Virus Recordings,"5x12"", Album",,1998,1478,DnB,2022-04-03 05:17:02,,,
VRS 001 RR,Ed Rush & Optical,Medicine / Lifecrisis,Virus Recordings,"12""",,1998,1742,DnB,2022-04-03 05:10:52,,,
VRS 002,Ed Rush & Optical,Zardoz / Satellites,Virus Recordings,"12""",,1998,1418,DnB,2022-04-03 05:12:40,,,
VRS 002 LP,Matrix,Sleepwalk,Virus Recordings,"4x12"", Album",,2000,1745,DnB,2022-04-03 05:17:30,,,
VRS 003,Ed Rush & Optical,Lifespan / Crisis,Virus Recordings,"12""",,1998,760,DnB,2022-04-03 05:13:25,,,
VRS 006,Optical : Ryme Tyme : Bad Company,ViRUS 006,Virus Recordings,"2x12"", EP",,1999,1744,DnB,2021-06-05 11:14:12,,,
VRS 007,Ed Rush & Optical / DJ Trace & Optical,Socom,Virus Recordings,"2x12"", EP",,2000,1746,DnB,2022-04-03 05:14:55,,,
vrs-001,Ed Rush & Optical,The Medicine / Punchbag,Virus Recordings,"12""",,1998,1407,DnB,2022-04-03 05:12:10,,,
VRS-011,Sonic & Silver,Rocket Launcher,Virus Recordings,"12""",,2002,77689,DnB,2022-04-03 05:16:21,,,
VRS-016,The Upbeats,Lost Once / Lick-A-Demon,Virus Recordings,"12"", Single",,2006,586762,DnB,2022-04-04 06:29:49,,,
VRS-017,Noisia,End Game / Unveil,Virus Recordings,"12""",,2006,765433,DnB,2022-04-04 06:29:31,,,
VRS003LP,Ed Rush & Optical,The Creeps (Invisible And Deadly!),Virus Recordings,"5x12"", Album",,2000,1747,DnB,2022-04-03 05:18:05,,,
VRS005CD,Ed Rush & Optical,Virus Vaults,Virus Recordings,"CD, Comp, RM + CD, Mixed, RM",,2005,557361,Uncategorized,2024-06-25 05:05:29,,,
VRS008,Ed Rush & Optical,Kerbkrawler / Capsule,Virus Recordings,"12""",,2001,5490,DnB,2022-04-03 05:15:09,,,
VRS009,Matrix & Fierce / Cause 4 Concern,Life History Vol. 1,Virus Recordings,"12""",,2001,14019,DnB,2022-04-03 05:15:40,,,
VRS010,Ed Rush & Optical / Universal Project,Pacman (Ram Trilogy Remix) / Vessel,Virus Recordings,"12""",,2002,43123,DnB,2022-04-03 05:16:09,,,
"VRS 004 LP, VRS004LP",Ed Rush & Optical,The Original Doctor Shade,"Virus Recordings, Virus Recordings","4x12"", Album",,2003,172917,DnB,2022-04-03 05:18:26,,,
"VRS 004, VRS004",Ed Rush & Optical,Watermelon / Sick Note,"Virus Recordings, Virus Recordings","12""",,1999,1419,DnB,2022-04-03 05:14:05,,,
"VRS 005, VRS005",Ed Rush & Optical,Gas Mask / Bacteria,"Virus Recordings, Virus Recordings","12""",,1999,1420,DnB,2022-04-03 05:14:28,,,
"VRS-014A, VRS-014",Ed Rush & Optical,Remixes Vol. 1,"Virus Recordings, Virus Recordings","12""",,2004,260758,DnB,2022-04-03 05:16:33,,,
825646535828,Foals,Holy Fire,"Warner Bros. Records, Transgressive Records","CD, Album",,2013,4284197,other,2022-04-05 01:57:43,,,
WILD003,Skitty,One Cut / Forgive Or Forget,Wildstyle Recordings,"12""",,2004,340557,DnB,2009-11-20 20:29:20,Mint (M),Mint (M),
WILD009,X-Plorer,Vicious Circle / Mosquito,Wildstyle Recordings,"12""",,2005,518791,DnB,2009-11-20 20:29:03,Mint (M),Very Good (VG),
WIRED001,Un-cut Featuring Future Cut & Jenna Gibbons,Midnight,Wired Productions,"12""",,2001,14064,DnB,2022-04-03 05:53:22,,,
XLT 96,Jonny L,Moving Thru Air,XL Recordings,"10""",,1998,26855,DnB,2024-04-30 09:53:44,,,
XXX 003,B Key,Atroxxxity / Dimenxionx,XXX,"10"", W/Lbl, Sti",,2000,5122,DnB,2009-11-20 19:38:35,Mint (M),Good (G),
XXX 005,Dylan,Warpath (Remixxx),XXX,"10"", S/Sided, W/Lbl",,2001,5104,DnB,2009-11-20 19:38:50,Mint (M),Poor (P),
XXX 006,Facs + B Key,Technotic / Astaroth,XXX,"10"", W/Lbl",,2001,5106,DnB,2009-11-20 19:39:03,Mint (M),Good (G),
XXX002,B Key,Capacitor (Remixxxes),"XXX, Biotic","10"", W/Lbl",,2000,47168,DnB,2009-11-20 19:38:25,Mint (M),Very Good Plus (VG+),
0G 001,Kraken / Arkane,Dominion / Neuro,Zero G Recordings,"12"", W/Lbl",,2001,4607703,DnB,2022-04-04 05:38:19,,,
